[
{
  "model": "people.personshow",
  "pk": 1,
  "fields": {
    "person": 2,
    "show": 1,
    "role": "STG",
    "role_other": ""
  }
},
{
  "model": "people.personshow",
  "pk": 2,
  "fields": {
    "person": 2,
    "show": 2,
    "role": "ACT",
    "role_other": ""
  }
},
{
  "model": "people.contactdetail",
  "pk": 1,
  "fields": {
    "person": 1,
    "contact_reference": "Default contact details",
    "email_primary": "will@shakes.org",
    "email_secondary": "",
    "mobile_number": "",
    "phone_number": "",
    "post_point": "",
    "building_name": "",
    "building_number": "",
    "street_name": "",
    "city": "",
    "region": "",
    "country": "",
    "post_code": ""
  }
},
{
  "model": "programming.week",
  "pk": 1,
  "fields": {
    "title": "W0",
    "date": "2023-07-30",
    "event": 1,
    "offers_preview": false,
    "has_performances": false
  }
},
{
  "model": "programming.week",
  "pk": 2,
  "fields": {
    "title": "W1",
    "date": "2023-08-04",
    "event": 1,
    "offers_preview": true,
    "has_performances": true
  }
},
{
  "model": "programming.week",
  "pk": 3,
  "fields": {
    "title": "W0",
    "date": "2022-08-01",
    "event": 2,
    "offers_preview": false,
    "has_performances": false
  }
},
{
  "model": "programming.event",
  "pk": 1,
  "fields": {
    "title": "Edinburgh Fringe",
    "year": 2023,
    "accepting_show_submissions": true,
    "accepting_staff_applications": true
  }
},
{
  "model": "programming.event",
  "pk": 2,
  "fields": {
    "title": "Edinburgh Fringe",
    "year": 2022,
    "accepting_show_submissions": false,
    "accepting_staff_applications": false
  }
},
{
  "model": "programming.company",
  "pk": 1,
  "fields": {
    "company_name": "Shakespeare Productions",
    "company_email": "shakespeare@productions.com",
    "company_website": "",
    "lead_contact": 1,
    "company_members": [
      2
    ]
  }
},
{
  "model": "programming.company",
  "pk": 2,
  "fields": {
    "company_name": "Another Company",
    "company_email": "another@example.com",
    "company_website": "",
    "lead_contact": 6,
    "company_members": [
      6
    ]
  }
},
{
  "model": "programming.venue",
  "pk": 1,
  "fields": {
    "title": "A1",
    "full_name": "The Sanctuary",
    "parent_venue": "AUG"
  }
},
{
  "model": "programming.offer",
  "pk": 1,
  "fields": {
    "show": 5,
    "slot": 5,
    "status": "ACC"
  }
},
{
  "model": "programming.offer",
  "pk": 2,
  "fields": {
    "show": 3,
    "slot": 3,
    "status": "PEN"
  }
},
{
  "model": "programming.show",
  "pk": 1,
  "fields": {
    "show_title": "Macbeth",
    "company": 1,
    "lead_contact": 1,
    "status": "APP",
    "level": "PRO",
    "outline": "",
    "motivation": "",
    "funding": "",
    "copy_short": "",
    "copy_long": "",
    "set_outline": "",
    "tech_outline": "",
    "cast_size": 0,
    "crew_size": 0,
    "show_duration": "00:00:00",
    "get_in_dur": "00:00:00",
    "get_out_dur": "00:00:00",
    "event": 1,
    "notes_general": "",
    "via_link": "",
    "poster": ""
  }
},
{
  "model": "programming.show",
  "pk": 2,
  "fields": {
    "show_title": "Hamlet",
    "company": 1,
    "lead_contact": 1,
    "status": "APP",
    "level": "PRO",
    "outline": "",
    "motivation": "",
    "funding": "",
    "copy_short": "",
    "copy_long": "",
    "set_outline": "",
    "tech_outline": "",
    "cast_size": 0,
    "crew_size": 0,
    "show_duration": "00:00:00",
    "get_in_dur": "00:00:00",
    "get_out_dur": "00:00:00",
    "event": 1,
    "notes_general": "",
    "via_link": "",
    "poster": ""
  }
},
{
  "model": "programming.show",
  "pk": 3,
  "fields": {
    "show_title": "Mystery!",
    "company": 2,
    "lead_contact": 6,
    "status": "APP",
    "level": "PRO",
    "outline": "",
    "motivation": "",
    "funding": "",
    "copy_short": "",
    "copy_long": "",
    "set_outline": "",
    "tech_outline": "",
    "cast_size": 0,
    "crew_size": 0,
    "show_duration": "00:00:00",
    "get_in_dur": "00:00:00",
    "get_out_dur": "00:00:00",
    "event": 1,
    "notes_general": "",
    "via_link": "",
    "poster": ""
  }
},
{
  "model": "programming.show",
  "pk": 4,
  "fields": {
    "show_title": "A new show!",
    "company": 2,
    "lead_contact": 6,
    "status": "APP",
    "level": "PRO",
    "outline": "",
    "motivation": "",
    "funding": "",
    "copy_short": "",
    "copy_long": "",
    "set_outline": "",
    "tech_outline": "",
    "cast_size": 0,
    "crew_size": 0,
    "show_duration": "00:00:00",
    "get_in_dur": "00:00:00",
    "get_out_dur": "00:00:00",
    "event": 1,
    "notes_general": "",
    "via_link": "",
    "poster": ""
  }
},
{
  "model": "programming.show",
  "pk": 5,
  "fields": {
    "show_title": "My Favourite Play",
    "company": null,
    "lead_contact": 9,
    "status": "DRA",
    "level": "PRO",
    "outline": "",
    "motivation": "",
    "funding": "",
    "copy_short": "",
    "copy_long": "",
    "set_outline": "",
    "tech_outline": "",
    "cast_size": 0,
    "crew_size": 0,
    "show_duration": "00:00:00",
    "get_in_dur": "00:00:00",
    "get_out_dur": "00:00:00",
    "event": 1,
    "notes_general": "",
    "via_link": "",
    "poster": ""
  }
},
{
  "model": "programming.slot",
  "pk": 1,
  "fields": {
    "show": 1,
    "venue": 1,
    "show_start_time": "19:00:00",
    "show_end_time": "20:00:00",
    "slot_price": null,
    "slot_guarantee": null,
    "box_office": null,
    "slot_preference": 1,
    "has_preview": false,
    "slot_status": "REQ",
    "week": [
      2
    ]
  }
},
{
  "model": "programming.slot",
  "pk": 2,
  "fields": {
    "show": 2,
    "venue": 1,
    "show_start_time": "17:00:00",
    "show_end_time": "18:00:00",
    "slot_price": null,
    "slot_guarantee": null,
    "box_office": null,
    "slot_preference": 1,
    "has_preview": true,
    "slot_status": "REQ",
    "week": [
      2
    ]
  }
},
{
  "model": "programming.slot",
  "pk": 3,
  "fields": {
    "show": 3,
    "venue": 1,
    "show_start_time": "19:00:00",
    "show_end_time": "20:00:00",
    "slot_price": null,
    "slot_guarantee": null,
    "box_office": null,
    "slot_preference": 1,
    "has_preview": false,
    "slot_status": "REQ",
    "week": [
      2
    ]
  }
},
{
  "model": "programming.slot",
  "pk": 4,
  "fields": {
    "show": 3,
    "venue": 1,
    "show_start_time": "14:00:00",
    "show_end_time": "15:00:00",
    "slot_price": null,
    "slot_guarantee": null,
    "box_office": null,
    "slot_preference": 2,
    "has_preview": false,
    "slot_status": "REQ",
    "week": [
      2
    ]
  }
},
{
  "model": "programming.slot",
  "pk": 5,
  "fields": {
    "show": 5,
    "venue": 1,
    "show_start_time": "19:00:00",
    "show_end_time": "20:00:00",
    "slot_price": null,
    "slot_guarantee": null,
    "box_office": null,
    "slot_preference": 1,
    "has_preview": false,
    "slot_status": "REQ",
    "week": [
      2
    ]
  }
},
{
  "model": "programming.slot",
  "pk": 6,
  "fields": {
    "show": 5,
    "venue": 1,
    "show_start_time": "15:00:00",
    "show_end_time": "16:00:00",
    "slot_price": null,
    "slot_guarantee": null,
    "box_office": null,
    "slot_preference": 2,
    "has_preview": false,
    "slot_status": "REQ",
    "week": [
      2
    ]
  }
},
{
  "model": "staffing.staffrole",
  "pk": 1,
  "fields": {
    "role_name": "Front of House Staff",
    "department": "H",
    "is_management": false,
    "appears_in_application": true
  }
},
{
  "model": "staffing.staffrole",
  "pk": 2,
  "fields": {
    "role_name": "Duty Manager",
    "department": "D",
    "is_management": true,
    "appears_in_application": true
  }
},
{
  "model": "staffing.staffrole",
  "pk": 3,
  "fields": {
    "role_name": "Duty First Aider",
    "department": "D",
    "is_management": true,
    "appears_in_application": true
  }
},
{
  "model": "staffing.staffrole",
  "pk": 4,
  "fields": {
    "role_name": "Kitchen Assistant",
    "department": "K",
    "is_management": false,
    "appears_in_application": true
  }
},
{
  "model": "staffing.staffrole",
  "pk": 5,
  "fields": {
    "role_name": "Kitchen Manager",
    "department": "K",
    "is_management": true,
    "appears_in_application": true
  }
},
{
  "model": "staffing.staffrole",
  "pk": 6,
  "fields": {
    "role_name": "Technician",
    "department": "T",
    "is_management": false,
    "appears_in_application": true
  }
},
{
  "model": "staffing.staffrole",
  "pk": 7,
  "fields": {
    "role_name": "Technical Manager",
    "department": "T",
    "is_management": true,
    "appears_in_application": true
  }
},
{
  "model": "staffing.application",
  "pk": 3,
  "fields": {
    "person": 7,
    "person_bio": "Me x3!",
    "event_application": 1,
    "status": "INC",
    "roles_willing": [
      6
    ],
    "roles_desired": [
      7,
      6
    ],
    "roles_declined": [],
    "weeks_available": [
      2
    ]
  }
},
{
  "model": "staffing.offer",
  "pk": 1,
  "fields": {
    "application": 3,
    "status": "ACC",
    "weeks": [
      2
    ]
  }
},
{
  "model": "staffing.quicklink",
  "pk": 1,
  "fields": {
    "title": "Rota",
    "link": "",
    "ordering": 1
  }
},
{
  "model": "staffing.quicklink",
  "pk": 2,
  "fields": {
    "title": "Wiki",
    "link": "",
    "ordering": 2
  }
},
{
  "model": "staffing.quicklink",
  "pk": 3,
  "fields": {
    "title": "Expenses",
    "link": "",
    "ordering": 3
  }
},
{
  "model": "auth.group",
  "pk": 1,
  "fields": {
    "name": "volunteer",
    "permissions": [
      [
        "view_allergy",
        "people",
        "allergy"
      ],
      [
        "add_contactdetail",
        "people",
        "contactdetail"
      ],
      [
        "change_contactdetail",
        "people",
        "contactdetail"
      ],
      [
        "delete_contactdetail",
        "people",
        "contactdetail"
      ],
      [
        "view_contactdetail",
        "people",
        "contactdetail"
      ],
      [
        "add_person",
        "people",
        "person"
      ],
      [
        "change_person",
        "people",
        "person"
      ],
      [
        "view_person",
        "people",
        "person"
      ],
      [
        "add_comment",
        "programming",
        "comment"
      ],
      [
        "change_comment",
        "programming",
        "comment"
      ],
      [
        "delete_comment",
        "programming",
        "comment"
      ],
      [
        "view_comment",
        "programming",
        "comment"
      ],
      [
        "view_company",
        "programming",
        "company"
      ],
      [
        "view_event",
        "programming",
        "event"
      ],
      [
        "view_invoice",
        "programming",
        "invoice"
      ],
      [
        "view_offer",
        "programming",
        "offer"
      ],
      [
        "view_show",
        "programming",
        "show"
      ],
      [
        "view_slot",
        "programming",
        "slot"
      ],
      [
        "view_venue",
        "programming",
        "venue"
      ],
      [
        "add_vote",
        "programming",
        "vote"
      ],
      [
        "change_vote",
        "programming",
        "vote"
      ],
      [
        "delete_vote",
        "programming",
        "vote"
      ],
      [
        "view_vote",
        "programming",
        "vote"
      ],
      [
        "view_week",
        "programming",
        "week"
      ],
      [
        "add_application",
        "staffing",
        "application"
      ],
      [
        "change_application",
        "staffing",
        "application"
      ],
      [
        "delete_application",
        "staffing",
        "application"
      ],
      [
        "view_application",
        "staffing",
        "application"
      ],
      [
        "change_offer",
        "staffing",
        "offer"
      ],
      [
        "view_offer",
        "staffing",
        "offer"
      ],
      [
        "view_staffrole",
        "staffing",
        "staffrole"
      ]
    ]
  }
},
{
  "model": "auth.group",
  "pk": 2,
  "fields": {
    "name": "company",
    "permissions": [
      [
        "add_person",
        "people",
        "person"
      ],
      [
        "change_person",
        "people",
        "person"
      ],
      [
        "view_person",
        "people",
        "person"
      ],
      [
        "add_company",
        "programming",
        "company"
      ],
      [
        "change_company",
        "programming",
        "company"
      ],
      [
        "view_company",
        "programming",
        "company"
      ],
      [
        "view_event",
        "programming",
        "event"
      ],
      [
        "change_invoice",
        "programming",
        "invoice"
      ],
      [
        "view_invoice",
        "programming",
        "invoice"
      ],
      [
        "change_offer",
        "programming",
        "offer"
      ],
      [
        "add_show",
        "programming",
        "show"
      ],
      [
        "change_show",
        "programming",
        "show"
      ],
      [
        "delete_show",
        "programming",
        "show"
      ],
      [
        "view_show",
        "programming",
        "show"
      ],
      [
        "add_slot",
        "programming",
        "slot"
      ],
      [
        "change_slot",
        "programming",
        "slot"
      ],
      [
        "delete_slot",
        "programming",
        "slot"
      ],
      [
        "view_slot",
        "programming",
        "slot"
      ],
      [
        "view_venue",
        "programming",
        "venue"
      ],
      [
        "view_week",
        "programming",
        "week"
      ]
    ]
  }
},
{
  "model": "auth.group",
  "pk": 3,
  "fields": {
    "name": "director",
    "permissions": [
      [
        "add_allergy",
        "people",
        "allergy"
      ],
      [
        "change_allergy",
        "people",
        "allergy"
      ],
      [
        "view_allergy",
        "people",
        "allergy"
      ],
      [
        "add_contactdetail",
        "people",
        "contactdetail"
      ],
      [
        "change_contactdetail",
        "people",
        "contactdetail"
      ],
      [
        "view_contactdetail",
        "people",
        "contactdetail"
      ],
      [
        "add_person",
        "people",
        "person"
      ],
      [
        "change_person",
        "people",
        "person"
      ],
      [
        "delete_person",
        "people",
        "person"
      ],
      [
        "view_person",
        "people",
        "person"
      ],
      [
        "add_comment",
        "programming",
        "comment"
      ],
      [
        "change_comment",
        "programming",
        "comment"
      ],
      [
        "delete_comment",
        "programming",
        "comment"
      ],
      [
        "view_comment",
        "programming",
        "comment"
      ],
      [
        "add_company",
        "programming",
        "company"
      ],
      [
        "change_company",
        "programming",
        "company"
      ],
      [
        "delete_company",
        "programming",
        "company"
      ],
      [
        "view_company",
        "programming",
        "company"
      ],
      [
        "add_event",
        "programming",
        "event"
      ],
      [
        "change_event",
        "programming",
        "event"
      ],
      [
        "delete_event",
        "programming",
        "event"
      ],
      [
        "view_event",
        "programming",
        "event"
      ],
      [
        "add_invoice",
        "programming",
        "invoice"
      ],
      [
        "change_invoice",
        "programming",
        "invoice"
      ],
      [
        "delete_invoice",
        "programming",
        "invoice"
      ],
      [
        "view_invoice",
        "programming",
        "invoice"
      ],
      [
        "add_offer",
        "programming",
        "offer"
      ],
      [
        "change_offer",
        "programming",
        "offer"
      ],
      [
        "delete_offer",
        "programming",
        "offer"
      ],
      [
        "dir_can_make_offer",
        "programming",
        "offer"
      ],
      [
        "view_offer",
        "programming",
        "offer"
      ],
      [
        "add_show",
        "programming",
        "show"
      ],
      [
        "change_show",
        "programming",
        "show"
      ],
      [
        "delete_show",
        "programming",
        "show"
      ],
      [
        "dir_can_administrate_shows",
        "programming",
        "show"
      ],
      [
        "view_show",
        "programming",
        "show"
      ],
      [
        "add_slot",
        "programming",
        "slot"
      ],
      [
        "change_slot",
        "programming",
        "slot"
      ],
      [
        "delete_slot",
        "programming",
        "slot"
      ],
      [
        "view_slot",
        "programming",
        "slot"
      ],
      [
        "add_venue",
        "programming",
        "venue"
      ],
      [
        "change_venue",
        "programming",
        "venue"
      ],
      [
        "delete_venue",
        "programming",
        "venue"
      ],
      [
        "view_venue",
        "programming",
        "venue"
      ],
      [
        "add_vote",
        "programming",
        "vote"
      ],
      [
        "change_vote",
        "programming",
        "vote"
      ],
      [
        "delete_vote",
        "programming",
        "vote"
      ],
      [
        "view_vote",
        "programming",
        "vote"
      ],
      [
        "add_week",
        "programming",
        "week"
      ],
      [
        "change_week",
        "programming",
        "week"
      ],
      [
        "delete_week",
        "programming",
        "week"
      ],
      [
        "view_week",
        "programming",
        "week"
      ],
      [
        "add_application",
        "staffing",
        "application"
      ],
      [
        "change_application",
        "staffing",
        "application"
      ],
      [
        "delete_application",
        "staffing",
        "application"
      ],
      [
        "dir_can_accept_application",
        "staffing",
        "application"
      ],
      [
        "dir_can_offer_application",
        "staffing",
        "application"
      ],
      [
        "view_application",
        "staffing",
        "application"
      ],
      [
        "add_offer",
        "staffing",
        "offer"
      ],
      [
        "change_offer",
        "staffing",
        "offer"
      ],
      [
        "delete_offer",
        "staffing",
        "offer"
      ],
      [
        "view_offer",
        "staffing",
        "offer"
      ],
      [
        "add_quicklink",
        "staffing",
        "quicklink"
      ],
      [
        "change_quicklink",
        "staffing",
        "quicklink"
      ],
      [
        "delete_quicklink",
        "staffing",
        "quicklink"
      ],
      [
        "view_quicklink",
        "staffing",
        "quicklink"
      ],
      [
        "add_staffrole",
        "staffing",
        "staffrole"
      ],
      [
        "change_staffrole",
        "staffing",
        "staffrole"
      ],
      [
        "delete_staffrole",
        "staffing",
        "staffrole"
      ],
      [
        "view_staffrole",
        "staffing",
        "staffrole"
      ]
    ]
  }
},
{
  "model": "auth.user",
  "pk": 1,
  "fields": {
    "password": "pbkdf2_sha256$260000$5yR4u9YOFm21mgCtAuFVcm$3lDMBxvT6bKbbvMYTIsnOnA3rD93MyuL1sPS665OFcg=",
    "last_login": "2022-10-29T13:35:56.732Z",
    "is_superuser": true,
    "username": "sam",
    "first_name": "",
    "last_name": "",
    "email": "sam@samosborne.me",
    "is_staff": true,
    "is_active": true,
    "date_joined": "2022-10-20T23:46:48.958Z",
    "groups": [],
    "user_permissions": []
  }
},
{
  "model": "auth.user",
  "pk": 2,
  "fields": {
    "password": "pbkdf2_sha256$260000$6K4dka2VzuY8pxs2bYm69f$nHmZw8Esqsj0xgBedGh1rTOMCwSDOwbyJ3TIzSt2jZk=",
    "last_login": "2022-10-24T22:02:47.327Z",
    "is_superuser": false,
    "username": "will",
    "first_name": "",
    "last_name": "",
    "email": "",
    "is_staff": true,
    "is_active": true,
    "date_joined": "2022-10-21T00:35:35Z",
    "groups": [],
    "user_permissions": []
  }
},
{
  "model": "auth.user",
  "pk": 24,
  "fields": {
    "password": "pbkdf2_sha256$260000$fsmBtf2Hseiiy0uiJyKBWd$5TgjuO1TvsMrY8aPWqc0pU11ZmyO4hGmGoyCpzgZWC8=",
    "last_login": "2022-10-30T01:59:20.806Z",
    "is_superuser": false,
    "username": "brobin",
    "first_name": "Batman",
    "last_name": "Robin",
    "email": "batman@example.com",
    "is_staff": false,
    "is_active": true,
    "date_joined": "2022-10-27T20:55:00Z",
    "groups": [
      [
        "volunteer"
      ]
    ],
    "user_permissions": []
  }
},
{
  "model": "auth.user",
  "pk": 25,
  "fields": {
    "password": "pbkdf2_sha256$260000$4rk2iNtzwgGGiYBzLFgvBO$5UVNdemHzXnxuBe3coYE5dqqSZlTr5jk0sQzv1l/Lns=",
    "last_login": "2022-10-29T23:26:53.895Z",
    "is_superuser": false,
    "username": "uperson",
    "first_name": "Unknown",
    "last_name": "Person",
    "email": "un@example.com",
    "is_staff": false,
    "is_active": true,
    "date_joined": "2022-10-27T22:05:00Z",
    "groups": [
      [
        "company"
      ]
    ],
    "user_permissions": []
  }
},
{
  "model": "auth.user",
  "pk": 26,
  "fields": {
    "password": "pbkdf2_sha256$260000$wkIwdtMOAqVSoXtODmIgZL$ul9o7TSueZLNWYi0CcbRIJiTy/ZBVs6wEnqxxp+LBLw=",
    "last_login": "2022-10-28T18:39:00Z",
    "is_superuser": false,
    "username": "svolunteer",
    "first_name": "Staff",
    "last_name": "Volunteer",
    "email": "volunteer@example.com",
    "is_staff": false,
    "is_active": true,
    "date_joined": "2022-10-28T17:01:00Z",
    "groups": [
      [
        "volunteer"
      ]
    ],
    "user_permissions": []
  }
},
{
  "model": "auth.user",
  "pk": 27,
  "fields": {
    "password": "pbkdf2_sha256$260000$WdZYs17FdZFJBa3EcqIE7B$CEwrjlZ7DiCI8yQsBADP5wZzOpicsnz0EuY3xsrUpmw=",
    "last_login": "2022-10-30T01:56:26.165Z",
    "is_superuser": false,
    "username": "volunteer",
    "first_name": "",
    "last_name": "",
    "email": "",
    "is_staff": false,
    "is_active": true,
    "date_joined": "2022-10-28T19:13:00Z",
    "groups": [
      [
        "volunteer"
      ]
    ],
    "user_permissions": []
  }
},
{
  "model": "auth.user",
  "pk": 28,
  "fields": {
    "password": "pbkdf2_sha256$260000$tG2OzBoR2DV5axXQj57q7Z$PVqVWm07Qk99XsXqf2XqRVMy8zv1gcDIowvWa6Ceagk=",
    "last_login": "2022-10-29T23:59:32.328Z",
    "is_superuser": false,
    "username": "director",
    "first_name": "",
    "last_name": "",
    "email": "",
    "is_staff": false,
    "is_active": true,
    "date_joined": "2022-10-28T19:14:00Z",
    "groups": [
      [
        "director"
      ]
    ],
    "user_permissions": []
  }
},
{
  "model": "auth.user",
  "pk": 29,
  "fields": {
    "password": "pbkdf2_sha256$260000$pCzDF7yOjrVMWSLrPQhKPE$Cy4Tj8orjRhVKcdoMNjM5lY1GntnZQudZR+XHQKPZ/M=",
    "last_login": "2022-10-29T23:09:53.477Z",
    "is_superuser": false,
    "username": "company",
    "first_name": "",
    "last_name": "",
    "email": "",
    "is_staff": false,
    "is_active": true,
    "date_joined": "2022-10-28T19:14:00Z",
    "groups": [
      [
        "company"
      ]
    ],
    "user_permissions": []
  }
},
{
  "model": "auth.user",
  "pk": 30,
  "fields": {
    "password": "pbkdf2_sha256$260000$5I2t5PUiC3fJutz4gRetII$l6awm2QymlT14Ax8BPFThxYX4QCCcLNuyvqUOj5fAps=",
    "last_login": "2022-10-29T19:27:00Z",
    "is_superuser": false,
    "username": "tperson",
    "first_name": "Test",
    "last_name": "Person",
    "email": "test@example.com",
    "is_staff": false,
    "is_active": true,
    "date_joined": "2022-10-29T19:27:00Z",
    "groups": [
      [
        "company"
      ]
    ],
    "user_permissions": []
  }
},
{
  "model": "auth.user",
  "pk": 31,
  "fields": {
    "password": "pbkdf2_sha256$260000$qKs69rf9UwtP67tZYfHUkG$tEDEWiPfa2mPdRi/cys11Q01fAw39sQ5s2AOgaCR82k=",
    "last_login": "2022-10-30T02:07:09.732Z",
    "is_superuser": false,
    "username": "qtarantino",
    "first_name": "Quentin",
    "last_name": "Tarantino",
    "email": "quentin@tarantino.com",
    "is_staff": false,
    "is_active": true,
    "date_joined": "2022-10-30T02:07:09.341Z",
    "groups": [
      [
        "volunteer"
      ]
    ],
    "user_permissions": []
  }
},
{
  "model": "people.person",
  "pk": 1,
  "fields": {
    "site_user": [
      "will"
    ],
    "forename": "Will",
    "surname": "Shake",
    "middle_name": "",
    "pronouns": "He / him",
    "photo": "",
    "medical_info": "",
    "person_type": "COMPY",
    "allergies": []
  }
},
{
  "model": "people.person",
  "pk": 2,
  "fields": {
    "site_user": null,
    "forename": "Christopher",
    "surname": "Marlowe",
    "middle_name": "",
    "pronouns": "",
    "photo": "",
    "medical_info": "",
    "person_type": "COMPY",
    "allergies": []
  }
},
{
  "model": "people.person",
  "pk": 3,
  "fields": {
    "site_user": [
      "sam"
    ],
    "forename": "Sam",
    "surname": "Osborne",
    "middle_name": "",
    "pronouns": "",
    "photo": "",
    "medical_info": "",
    "person_type": "STAFF",
    "allergies": []
  }
},
{
  "model": "people.person",
  "pk": 5,
  "fields": {
    "site_user": [
      "brobin"
    ],
    "forename": "Batman",
    "surname": "Robin",
    "middle_name": "",
    "pronouns": "",
    "photo": "",
    "medical_info": "",
    "person_type": "STAFF",
    "allergies": []
  }
},
{
  "model": "people.person",
  "pk": 6,
  "fields": {
    "site_user": [
      "uperson"
    ],
    "forename": "Ursula",
    "surname": "Person",
    "middle_name": "",
    "pronouns": "They / them",
    "photo": "",
    "medical_info": "",
    "person_type": "COMPY",
    "allergies": []
  }
},
{
  "model": "people.person",
  "pk": 7,
  "fields": {
    "site_user": [
      "volunteer"
    ],
    "forename": "Staff",
    "surname": "Volunteer",
    "middle_name": "",
    "pronouns": "they/them",
    "photo": "",
    "medical_info": "",
    "person_type": "STAFF",
    "allergies": []
  }
},
{
  "model": "people.person",
  "pk": 8,
  "fields": {
    "site_user": [
      "director"
    ],
    "forename": "Paradise",
    "surname": "Director",
    "middle_name": "",
    "pronouns": "she / her",
    "photo": "",
    "medical_info": "",
    "person_type": "STAFF",
    "allergies": []
  }
},
{
  "model": "people.person",
  "pk": 9,
  "fields": {
    "site_user": [
      "company"
    ],
    "forename": "Eric",
    "surname": "Performer",
    "middle_name": "The",
    "pronouns": "he / him",
    "photo": "",
    "medical_info": "",
    "person_type": "COMPY",
    "allergies": []
  }
},
{
  "model": "people.person",
  "pk": 10,
  "fields": {
    "site_user": [
      "tperson"
    ],
    "forename": "Test",
    "surname": "Person",
    "middle_name": "",
    "pronouns": "",
    "photo": "",
    "medical_info": "",
    "person_type": "COMPY",
    "allergies": []
  }
},
{
  "model": "people.person",
  "pk": 11,
  "fields": {
    "site_user": [
      "qtarantino"
    ],
    "forename": "Quentin",
    "surname": "Tarantino",
    "middle_name": "",
    "pronouns": "",
    "photo": "",
    "medical_info": "",
    "person_type": "STAFF",
    "allergies": []
  }
}
]
