[
{
  "model": "people.personshow",
  "pk": 1,
  "fields": {
    "person": 2,
    "show": 1,
    "role": "STG",
    "role_other": ""
  }
},
{
  "model": "people.personshow",
  "pk": 2,
  "fields": {
    "person": 2,
    "show": 2,
    "role": "ACT",
    "role_other": ""
  }
},
{
  "model": "people.contactdetail",
  "pk": 1,
  "fields": {
    "person": 1,
    "contact_reference": "Default contact details",
    "email_primary": "will@shakes.org",
    "email_secondary": "",
    "mobile_number": "",
    "phone_number": "",
    "post_point": "",
    "building_name": "",
    "building_number": "",
    "street_name": "",
    "city": "",
    "region": "",
    "country": "",
    "post_code": ""
  }
},
{
  "model": "programming.week",
  "pk": 1,
  "fields": {
    "title": "W0",
    "date": "2023-07-30",
    "event": 1,
    "offers_preview": false,
    "has_performances": false
  }
},
{
  "model": "programming.week",
  "pk": 2,
  "fields": {
    "title": "W1",
    "date": "2023-08-04",
    "event": 1,
    "offers_preview": true,
    "has_performances": true
  }
},
{
  "model": "programming.week",
  "pk": 3,
  "fields": {
    "title": "W0",
    "date": "2022-08-01",
    "event": 2,
    "offers_preview": false,
    "has_performances": false
  }
},
{
  "model": "programming.event",
  "pk": 1,
  "fields": {
    "title": "Edinburgh Fringe",
    "year": 2023,
    "accepting_show_submissions": true,
    "accepting_staff_applications": true
  }
},
{
  "model": "programming.event",
  "pk": 2,
  "fields": {
    "title": "Edinburgh Fringe",
    "year": 2022,
    "accepting_show_submissions": false,
    "accepting_staff_applications": false
  }
},
{
  "model": "programming.company",
  "pk": 1,
  "fields": {
    "company_name": "Shakespeare Productions",
    "company_email": "shakespeare@productions.com",
    "company_website": "",
    "lead_contact": 1,
    "company_members": [
      2
    ]
  }
},
{
  "model": "programming.company",
  "pk": 2,
  "fields": {
    "company_name": "Another Company",
    "company_email": "another@example.com",
    "company_website": "",
    "lead_contact": 6,
    "company_members": [
      6
    ]
  }
},
{
  "model": "programming.venue",
  "pk": 1,
  "fields": {
    "title": "A1",
    "full_name": "The Sanctuary",
    "parent_venue": "AUG"
  }
},
{
  "model": "programming.offer",
  "pk": 1,
  "fields": {
    "show": 5,
    "slot": 5,
    "status": "ACC"
  }
},
{
  "model": "programming.offer",
  "pk": 2,
  "fields": {
    "show": 3,
    "slot": 3,
    "status": "PEN"
  }
},
{
  "model": "programming.show",
  "pk": 1,
  "fields": {
    "show_title": "Macbeth",
    "company": 1,
    "lead_contact": 1,
    "status": "APP",
    "level": "PRO",
    "outline": "",
    "motivation": "",
    "funding": "",
    "copy_short": "",
    "copy_long": "",
    "set_outline": "",
    "tech_outline": "",
    "cast_size": 0,
    "crew_size": 0,
    "show_duration": "00:00:00",
    "get_in_dur": "00:00:00",
    "get_out_dur": "00:00:00",
    "event": 1,
    "notes_general": "",
    "via_link": "",
    "poster": ""
  }
},
{
  "model": "programming.show",
  "pk": 2,
  "fields": {
    "show_title": "Hamlet",
    "company": 1,
    "lead_contact": 1,
    "status": "APP",
    "level": "PRO",
    "outline": "",
    "motivation": "",
    "funding": "",
    "copy_short": "",
    "copy_long": "",
    "set_outline": "",
    "tech_outline": "",
    "cast_size": 0,
    "crew_size": 0,
    "show_duration": "00:00:00",
    "get_in_dur": "00:00:00",
    "get_out_dur": "00:00:00",
    "event": 1,
    "notes_general": "",
    "via_link": "",
    "poster": ""
  }
},
{
  "model": "programming.show",
  "pk": 3,
  "fields": {
    "show_title": "Mystery!",
    "company": 2,
    "lead_contact": 6,
    "status": "APP",
    "level": "PRO",
    "outline": "",
    "motivation": "",
    "funding": "",
    "copy_short": "",
    "copy_long": "",
    "set_outline": "",
    "tech_outline": "",
    "cast_size": 0,
    "crew_size": 0,
    "show_duration": "00:00:00",
    "get_in_dur": "00:00:00",
    "get_out_dur": "00:00:00",
    "event": 1,
    "notes_general": "",
    "via_link": "",
    "poster": ""
  }
},
{
  "model": "programming.show",
  "pk": 4,
  "fields": {
    "show_title": "A new show!",
    "company": 2,
    "lead_contact": 6,
    "status": "APP",
    "level": "PRO",
    "outline": "",
    "motivation": "",
    "funding": "",
    "copy_short": "",
    "copy_long": "",
    "set_outline": "",
    "tech_outline": "",
    "cast_size": 0,
    "crew_size": 0,
    "show_duration": "00:00:00",
    "get_in_dur": "00:00:00",
    "get_out_dur": "00:00:00",
    "event": 1,
    "notes_general": "",
    "via_link": "",
    "poster": ""
  }
},
{
  "model": "programming.show",
  "pk": 5,
  "fields": {
    "show_title": "My Favourite Play",
    "company": null,
    "lead_contact": 9,
    "status": "DRA",
    "level": "PRO",
    "outline": "",
    "motivation": "",
    "funding": "",
    "copy_short": "",
    "copy_long": "",
    "set_outline": "",
    "tech_outline": "",
    "cast_size": 0,
    "crew_size": 0,
    "show_duration": "00:00:00",
    "get_in_dur": "00:00:00",
    "get_out_dur": "00:00:00",
    "event": 1,
    "notes_general": "",
    "via_link": "",
    "poster": ""
  }
},
{
  "model": "programming.slot",
  "pk": 1,
  "fields": {
    "show": 1,
    "venue": 1,
    "show_start_time": "19:00:00",
    "show_end_time": "20:00:00",
    "slot_price": null,
    "slot_guarantee": null,
    "box_office": null,
    "slot_preference": 1,
    "has_preview": false,
    "slot_status": "REQ",
    "week": [
      2
    ]
  }
},
{
  "model": "programming.slot",
  "pk": 2,
  "fields": {
    "show": 2,
    "venue": 1,
    "show_start_time": "17:00:00",
    "show_end_time": "18:00:00",
    "slot_price": null,
    "slot_guarantee": null,
    "box_office": null,
    "slot_preference": 1,
    "has_preview": true,
    "slot_status": "REQ",
    "week": [
      2
    ]
  }
},
{
  "model": "programming.slot",
  "pk": 3,
  "fields": {
    "show": 3,
    "venue": 1,
    "show_start_time": "19:00:00",
    "show_end_time": "20:00:00",
    "slot_price": null,
    "slot_guarantee": null,
    "box_office": null,
    "slot_preference": 1,
    "has_preview": false,
    "slot_status": "REQ",
    "week": [
      2
    ]
  }
},
{
  "model": "programming.slot",
  "pk": 4,
  "fields": {
    "show": 3,
    "venue": 1,
    "show_start_time": "14:00:00",
    "show_end_time": "15:00:00",
    "slot_price": null,
    "slot_guarantee": null,
    "box_office": null,
    "slot_preference": 2,
    "has_preview": false,
    "slot_status": "REQ",
    "week": [
      2
    ]
  }
},
{
  "model": "programming.slot",
  "pk": 5,
  "fields": {
    "show": 5,
    "venue": 1,
    "show_start_time": "19:00:00",
    "show_end_time": "20:00:00",
    "slot_price": null,
    "slot_guarantee": null,
    "box_office": null,
    "slot_preference": 1,
    "has_preview": false,
    "slot_status": "REQ",
    "week": [
      2
    ]
  }
},
{
  "model": "programming.slot",
  "pk": 6,
  "fields": {
    "show": 5,
    "venue": 1,
    "show_start_time": "15:00:00",
    "show_end_time": "16:00:00",
    "slot_price": null,
    "slot_guarantee": null,
    "box_office": null,
    "slot_preference": 2,
    "has_preview": false,
    "slot_status": "REQ",
    "week": [
      2
    ]
  }
},
{
  "model": "staffing.staffrole",
  "pk": 1,
  "fields": {
    "role_name": "Front of House Staff",
    "department": "H",
    "is_management": false,
    "appears_in_application": true
  }
},
{
  "model": "staffing.staffrole",
  "pk": 2,
  "fields": {
    "role_name": "Duty Manager",
    "department": "D",
    "is_management": true,
    "appears_in_application": true
  }
},
{
  "model": "staffing.staffrole",
  "pk": 3,
  "fields": {
    "role_name": "Duty First Aider",
    "department": "D",
    "is_management": true,
    "appears_in_application": true
  }
},
{
  "model": "staffing.staffrole",
  "pk": 4,
  "fields": {
    "role_name": "Kitchen Assistant",
    "department": "K",
    "is_management": false,
    "appears_in_application": true
  }
},
{
  "model": "staffing.staffrole",
  "pk": 5,
  "fields": {
    "role_name": "Kitchen Manager",
    "department": "K",
    "is_management": true,
    "appears_in_application": true
  }
},
{
  "model": "staffing.staffrole",
  "pk": 6,
  "fields": {
    "role_name": "Technician",
    "department": "T",
    "is_management": false,
    "appears_in_application": true
  }
},
{
  "model": "staffing.staffrole",
  "pk": 7,
  "fields": {
    "role_name": "Technical Manager",
    "department": "T",
    "is_management": true,
    "appears_in_application": true
  }
},
{
  "model": "staffing.application",
  "pk": 3,
  "fields": {
    "person": 7,
    "person_bio": "Me x3!",
    "event_application": 1,
    "status": "INC",
    "roles_willing": [
      6
    ],
    "roles_desired": [
      7,
      6
    ],
    "roles_declined": [],
    "weeks_available": [
      2
    ]
  }
},
{
  "model": "staffing.offer",
  "pk": 1,
  "fields": {
    "application": 3,
    "status": "ACC",
    "weeks": [
      2
    ]
  }
},
{
  "model": "staffing.quicklink",
  "pk": 1,
  "fields": {
    "title": "Rota",
    "link": "",
    "ordering": 1
  }
},
{
  "model": "staffing.quicklink",
  "pk": 2,
  "fields": {
    "title": "Wiki",
    "link": "",
    "ordering": 2
  }
},
{
  "model": "staffing.quicklink",
  "pk": 3,
  "fields": {
    "title": "Expenses",
    "link": "",
    "ordering": 3
  }
},
{
  "model": "auth.group",
  "pk": 1,
  "fields": {
    "name": "volunteer",
    "permissions": [
      [
        "view_allergy",
        "people",
        "allergy"
      ],
      [
        "add_contactdetail",
        "people",
        "contactdetail"
      ],
      [
        "change_contactdetail",
        "people",
        "contactdetail"
      ],
      [
        "delete_contactdetail",
        "people",
        "contactdetail"
      ],
      [
        "view_contactdetail",
        "people",
        "contactdetail"
      ],
      [
        "add_person",
        "people",
        "person"
      ],
      [
        "change_person",
        "people",
        "person"
      ],
      [
        "view_person",
        "people",
        "person"
      ],
      [
        "add_comment",
        "programming",
        "comment"
      ],
      [
        "change_comment",
        "programming",
        "comment"
      ],
      [
        "delete_comment",
        "programming",
        "comment"
      ],
      [
        "view_comment",
        "programming",
        "comment"
      ],
      [
        "view_company",
        "programming",
        "company"
      ],
      [
        "view_event",
        "programming",
        "event"
      ],
      [
        "view_invoice",
        "programming",
        "invoice"
      ],
      [
        "view_offer",
        "programming",
        "offer"
      ],
      [
        "view_show",
        "programming",
        "show"
      ],
      [
        "view_slot",
        "programming",
        "slot"
      ],
      [
        "view_venue",
        "programming",
        "venue"
      ],
      [
        "add_vote",
        "programming",
        "vote"
      ],
      [
        "change_vote",
        "programming",
        "vote"
      ],
      [
        "delete_vote",
        "programming",
        "vote"
      ],
      [
        "view_vote",
        "programming",
        "vote"
      ],
      [
        "view_week",
        "programming",
        "week"
      ],
      [
        "add_application",
        "staffing",
        "application"
      ],
      [
        "change_application",
        "staffing",
        "application"
      ],
      [
        "delete_application",
        "staffing",
        "application"
      ],
      [
        "view_application",
        "staffing",
        "application"
      ],
      [
        "change_offer",
        "staffing",
        "offer"
      ],
      [
        "view_offer",
        "staffing",
        "offer"
      ],
      [
        "view_staffrole",
        "staffing",
        "staffrole"
      ]
    ]
  }
},
{
  "model": "auth.group",
  "pk": 2,
  "fields": {
    "name": "company",
    "permissions": [
      [
        "add_person",
        "people",
        "person"
      ],
      [
        "change_person",
        "people",
        "person"
      ],
      [
        "view_person",
        "people",
        "person"
      ],
      [
        "add_company",
        "programming",
        "company"
      ],
      [
        "change_company",
        "programming",
        "company"
      ],
      [
        "view_company",
        "programming",
        "company"
      ],
      [
        "view_event",
        "programming",
        "event"
      ],
      [
        "change_invoice",
        "programming",
        "invoice"
      ],
      [
        "view_invoice",
        "programming",
        "invoice"
      ],
      [
        "change_offer",
        "programming",
        "offer"
      ],
      [
        "add_show",
        "programming",
        "show"
      ],
      [
        "change_show",
        "programming",
        "show"
      ],
      [
        "delete_show",
        "programming",
        "show"
      ],
      [
        "view_show",
        "programming",
        "show"
      ],
      [
        "add_slot",
        "programming",
        "slot"
      ],
      [
        "change_slot",
        "programming",
        "slot"
      ],
      [
        "delete_slot",
        "programming",
        "slot"
      ],
      [
        "view_slot",
        "programming",
        "slot"
      ],
      [
        "view_venue",
        "programming",
        "venue"
      ],
      [
        "view_week",
        "programming",
        "week"
      ]
    ]
  }
},
{
  "model": "auth.group",
  "pk": 3,
  "fields": {
    "name": "director",
    "permissions": [
      [
        "add_allergy",
        "people",
        "allergy"
      ],
      [
        "change_allergy",
        "people",
        "allergy"
      ],
      [
        "view_allergy",
        "people",
        "allergy"
      ],
      [
        "add_contactdetail",
        "people",
        "contactdetail"
      ],
      [
        "change_contactdetail",
        "people",
        "contactdetail"
      ],
      [
        "view_contactdetail",
        "people",
        "contactdetail"
      ],
      [
        "add_person",
        "people",
        "person"
      ],
      [
        "change_person",
        "people",
        "person"
      ],
      [
        "delete_person",
        "people",
        "person"
      ],
      [
        "view_person",
        "people",
        "person"
      ],
      [
        "add_comment",
        "programming",
        "comment"
      ],
      [
        "change_comment",
        "programming",
        "comment"
      ],
      [
        "delete_comment",
        "programming",
        "comment"
      ],
      [
        "view_comment",
        "programming",
        "comment"
      ],
      [
        "add_company",
        "programming",
        "company"
      ],
      [
        "change_company",
        "programming",
        "company"
      ],
      [
        "delete_company",
        "programming",
        "company"
      ],
      [
        "view_company",
        "programming",
        "company"
      ],
      [
        "add_event",
        "programming",
        "event"
      ],
      [
        "change_event",
        "programming",
        "event"
      ],
      [
        "delete_event",
        "programming",
        "event"
      ],
      [
        "view_event",
        "programming",
        "event"
      ],
      [
        "add_invoice",
        "programming",
        "invoice"
      ],
      [
        "change_invoice",
        "programming",
        "invoice"
      ],
      [
        "delete_invoice",
        "programming",
        "invoice"
      ],
      [
        "view_invoice",
        "programming",
        "invoice"
      ],
      [
        "add_offer",
        "programming",
        "offer"
      ],
      [
        "change_offer",
        "programming",
        "offer"
      ],
      [
        "delete_offer",
        "programming",
        "offer"
      ],
      [
        "dir_can_make_offer",
        "programming",
        "offer"
      ],
      [
        "view_offer",
        "programming",
        "offer"
      ],
      [
        "add_show",
        "programming",
        "show"
      ],
      [
        "change_show",
        "programming",
        "show"
      ],
      [
        "delete_show",
        "programming",
        "show"
      ],
      [
        "dir_can_administrate_shows",
        "programming",
        "show"
      ],
      [
        "view_show",
        "programming",
        "show"
      ],
      [
        "add_slot",
        "programming",
        "slot"
      ],
      [
        "change_slot",
        "programming",
        "slot"
      ],
      [
        "delete_slot",
        "programming",
        "slot"
      ],
      [
        "view_slot",
        "programming",
        "slot"
      ],
      [
        "add_venue",
        "programming",
        "venue"
      ],
      [
        "change_venue",
        "programming",
        "venue"
      ],
      [
        "delete_venue",
        "programming",
        "venue"
      ],
      [
        "view_venue",
        "programming",
        "venue"
      ],
      [
        "add_vote",
        "programming",
        "vote"
      ],
      [
        "change_vote",
        "programming",
        "vote"
      ],
      [
        "delete_vote",
        "programming",
        "vote"
      ],
      [
        "view_vote",
        "programming",
        "vote"
      ],
      [
        "add_week",
        "programming",
        "week"
      ],
      [
        "change_week",
        "programming",
        "week"
      ],
      [
        "delete_week",
        "programming",
        "week"
      ],
      [
        "view_week",
        "programming",
        "week"
      ],
      [
        "add_application",
        "staffing",
        "application"
      ],
      [
        "change_application",
        "staffing",
        "application"
      ],
      [
        "delete_application",
        "staffing",
        "application"
      ],
      [
        "dir_can_accept_application",
        "staffing",
        "application"
      ],
      [
        "dir_can_offer_application",
        "staffing",
        "application"
      ],
      [
        "view_application",
        "staffing",
        "application"
      ],
      [
        "add_offer",
        "staffing",
        "offer"
      ],
      [
        "change_offer",
        "staffing",
        "offer"
      ],
      [
        "delete_offer",
        "staffing",
        "offer"
      ],
      [
        "view_offer",
        "staffing",
        "offer"
      ],
      [
        "add_quicklink",
        "staffing",
        "quicklink"
      ],
      [
        "change_quicklink",
        "staffing",
        "quicklink"
      ],
      [
        "delete_quicklink",
        "staffing",
        "quicklink"
      ],
      [
        "view_quicklink",
        "staffing",
        "quicklink"
      ],
      [
        "add_staffrole",
        "staffing",
        "staffrole"
      ],
      [
        "change_staffrole",
        "staffing",
        "staffrole"
      ],
      [
        "delete_staffrole",
        "staffing",
        "staffrole"
      ],
      [
        "view_staffrole",
        "staffing",
        "staffrole"
      ]
    ]
  }
},
{
  "model": "auth.user",
  "pk": 1,
  "fields": {
    "password": "pbkdf2_sha256$260000$5yR4u9YOFm21mgCtAuFVcm$3lDMBxvT6bKbbvMYTIsnOnA3rD93MyuL1sPS665OFcg=",
    "last_login": "2022-10-29T13:35:56.732Z",
    "is_superuser": true,
    "username": "sam",
    "first_name": "",
    "last_name": "",
    "email": "sam@samosborne.me",
    "is_staff": true,
    "is_active": true,
    "date_joined": "2022-10-20T23:46:48.958Z",
    "groups": [],
    "user_permissions": []
  }
},
{
  "model": "auth.user",
  "pk": 2,
  "fields": {
    "password": "pbkdf2_sha256$260000$6K4dka2VzuY8pxs2bYm69f$nHmZw8Esqsj0xgBedGh1rTOMCwSDOwbyJ3TIzSt2jZk=",
    "last_login": "2022-10-24T22:02:47.327Z",
    "is_superuser": false,
    "username": "will",
    "first_name": "",
    "last_name": "",
    "email": "",
    "is_staff": true,
    "is_active": true,
    "date_joined": "2022-10-21T00:35:35Z",
    "groups": [],
    "user_permissions": []
  }
},
{
  "model": "auth.user",
  "pk": 24,
  "fields": {
    "password": "pbkdf2_sha256$260000$fsmBtf2Hseiiy0uiJyKBWd$5TgjuO1TvsMrY8aPWqc0pU11ZmyO4hGmGoyCpzgZWC8=",
    "last_login": "2022-10-30T01:59:20.806Z",
    "is_superuser": false,
    "username": "brobin",
    "first_name": "Batman",
    "last_name": "Robin",
    "email": "batman@example.com",
    "is_staff": false,
    "is_active": true,
    "date_joined": "2022-10-27T20:55:00Z",
    "groups": [
      [
        "volunteer"
      ]
    ],
    "user_permissions": []
  }
},
{
  "model": "auth.user",
  "pk": 25,
  "fields": {
    "password": "pbkdf2_sha256$260000$4rk2iNtzwgGGiYBzLFgvBO$5UVNdemHzXnxuBe3coYE5dqqSZlTr5jk0sQzv1l/Lns=",
    "last_login": "2022-10-29T23:26:53.895Z",
    "is_superuser": false,
    "username": "uperson",
    "first_name": "Unknown",
    "last_name": "Person",
    "email": "un@example.com",
    "is_staff": false,
    "is_active": true,
    "date_joined": "2022-10-27T22:05:00Z",
    "groups": [
      [
        "company"
      ]
    ],
    "user_permissions": []
  }
},
{
  "model": "auth.user",
  "pk": 26,
  "fields": {
    "password": "pbkdf2_sha256$260000$wkIwdtMOAqVSoXtODmIgZL$ul9o7TSueZLNWYi0CcbRIJiTy/ZBVs6wEnqxxp+LBLw=",
    "last_login": "2022-10-28T18:39:00Z",
    "is_superuser": false,
    "username": "svolunteer",
    "first_name": "Staff",
    "last_name": "Volunteer",
    "email": "volunteer@example.com",
    "is_staff": false,
    "is_active": true,
    "date_joined": "2022-10-28T17:01:00Z",
    "groups": [
      [
        "volunteer"
      ]
    ],
    "user_permissions": []
  }
},
{
  "model": "auth.user",
  "pk": 27,
  "fields": {
    "password": "pbkdf2_sha256$260000$WdZYs17FdZFJBa3EcqIE7B$CEwrjlZ7DiCI8yQsBADP5wZzOpicsnz0EuY3xsrUpmw=",
    "last_login": "2022-10-30T01:56:26.165Z",
    "is_superuser": false,
    "username": "volunteer",
    "first_name": "",
    "last_name": "",
    "email": "",
    "is_staff": false,
    "is_active": true,
    "date_joined": "2022-10-28T19:13:00Z",
    "groups": [
      [
        "volunteer"
      ]
    ],
    "user_permissions": []
  }
},
{
  "model": "auth.user",
  "pk": 28,
  "fields": {
    "password": "pbkdf2_sha256$260000$tG2OzBoR2DV5axXQj57q7Z$PVqVWm07Qk99XsXqf2XqRVMy8zv1gcDIowvWa6Ceagk=",
    "last_login": "2022-10-29T23:59:32.328Z",
    "is_superuser": false,
    "username": "director",
    "first_name": "",
    "last_name": "",
    "email": "",
    "is_staff": false,
    "is_active": true,
    "date_joined": "2022-10-28T19:14:00Z",
    "groups": [
      [
        "director"
      ]
    ],
    "user_permissions": []
  }
},
{
  "model": "auth.user",
  "pk": 29,
  "fields": {
    "password": "pbkdf2_sha256$260000$pCzDF7yOjrVMWSLrPQhKPE$Cy4Tj8orjRhVKcdoMNjM5lY1GntnZQudZR+XHQKPZ/M=",
    "last_login": "2022-10-29T23:09:53.477Z",
    "is_superuser": false,
    "username": "company",
    "first_name": "",
    "last_name": "",
    "email": "",
    "is_staff": false,
    "is_active": true,
    "date_joined": "2022-10-28T19:14:00Z",
    "groups": [
      [
        "company"
      ]
    ],
    "user_permissions": []
  }
},
{
  "model": "auth.user",
  "pk": 30,
  "fields": {
    "password": "pbkdf2_sha256$260000$5I2t5PUiC3fJutz4gRetII$l6awm2QymlT14Ax8BPFThxYX4QCCcLNuyvqUOj5fAps=",
    "last_login": "2022-10-29T19:27:00Z",
    "is_superuser": false,
    "username": "tperson",
    "first_name": "Test",
    "last_name": "Person",
    "email": "test@example.com",
    "is_staff": false,
    "is_active": true,
    "date_joined": "2022-10-29T19:27:00Z",
    "groups": [
      [
        "company"
      ]
    ],
    "user_permissions": []
  }
},
{
  "model": "auth.user",
  "pk": 31,
  "fields": {
    "password": "pbkdf2_sha256$260000$qKs69rf9UwtP67tZYfHUkG$tEDEWiPfa2mPdRi/cys11Q01fAw39sQ5s2AOgaCR82k=",
    "last_login": "2022-10-30T02:07:09.732Z",
    "is_superuser": false,
    "username": "qtarantino",
    "first_name": "Quentin",
    "last_name": "Tarantino",
    "email": "quentin@tarantino.com",
    "is_staff": false,
    "is_active": true,
    "date_joined": "2022-10-30T02:07:09.341Z",
    "groups": [
      [
        "volunteer"
      ]
    ],
    "user_permissions": []
  }
},
{
  "model": "admin.logentry",
  "pk": 1,
  "fields": {
    "action_time": "2022-10-20T23:47:49.974Z",
    "user": [
      "sam"
    ],
    "content_type": [
      "programming",
      "event"
    ],
    "object_id": "1",
    "object_repr": "Edinburgh Fringe 2023",
    "action_flag": 1,
    "change_message": "[{\"added\": {}}, {\"added\": {\"name\": \"week\", \"object\": \"W0 for Edinburgh Fringe 2023\"}}, {\"added\": {\"name\": \"week\", \"object\": \"W1 for Edinburgh Fringe 2023\"}}]"
  }
},
{
  "model": "admin.logentry",
  "pk": 2,
  "fields": {
    "action_time": "2022-10-20T23:48:16.760Z",
    "user": [
      "sam"
    ],
    "content_type": [
      "people",
      "person"
    ],
    "object_id": "1",
    "object_repr": "Will Shake",
    "action_flag": 1,
    "change_message": "[{\"added\": {}}]"
  }
},
{
  "model": "admin.logentry",
  "pk": 3,
  "fields": {
    "action_time": "2022-10-20T23:48:18.340Z",
    "user": [
      "sam"
    ],
    "content_type": [
      "programming",
      "company"
    ],
    "object_id": "1",
    "object_repr": "Shakespeare Productions",
    "action_flag": 1,
    "change_message": "[{\"added\": {}}]"
  }
},
{
  "model": "admin.logentry",
  "pk": 4,
  "fields": {
    "action_time": "2022-10-20T23:48:38.740Z",
    "user": [
      "sam"
    ],
    "content_type": [
      "programming",
      "venue"
    ],
    "object_id": "1",
    "object_repr": "The Sanctuary (A1)",
    "action_flag": 1,
    "change_message": "[{\"added\": {}}]"
  }
},
{
  "model": "admin.logentry",
  "pk": 5,
  "fields": {
    "action_time": "2022-10-20T23:55:16.953Z",
    "user": [
      "sam"
    ],
    "content_type": [
      "programming",
      "show"
    ],
    "object_id": "1",
    "object_repr": "Macbeth from Shakespeare Productions",
    "action_flag": 1,
    "change_message": "[{\"added\": {}}]"
  }
},
{
  "model": "admin.logentry",
  "pk": 6,
  "fields": {
    "action_time": "2022-10-20T23:55:31.359Z",
    "user": [
      "sam"
    ],
    "content_type": [
      "programming",
      "show"
    ],
    "object_id": "1",
    "object_repr": "Macbeth from Shakespeare Productions",
    "action_flag": 2,
    "change_message": "[{\"added\": {\"name\": \"slot\", \"object\": \"Slot preference 1 for Macbeth (Shakespeare Productions, A1)\"}}]"
  }
},
{
  "model": "admin.logentry",
  "pk": 7,
  "fields": {
    "action_time": "2022-10-20T23:59:26.109Z",
    "user": [
      "sam"
    ],
    "content_type": [
      "programming",
      "show"
    ],
    "object_id": "2",
    "object_repr": "Hamlet from Shakespeare Productions",
    "action_flag": 1,
    "change_message": "[{\"added\": {}}, {\"added\": {\"name\": \"slot\", \"object\": \"Slot preference 1 for Hamlet (Shakespeare Productions, A1)\"}}]"
  }
},
{
  "model": "admin.logentry",
  "pk": 8,
  "fields": {
    "action_time": "2022-10-21T00:02:44.594Z",
    "user": [
      "sam"
    ],
    "content_type": [
      "programming",
      "event"
    ],
    "object_id": "2",
    "object_repr": "Edinburgh Fringe 2022",
    "action_flag": 1,
    "change_message": "[{\"added\": {}}, {\"added\": {\"name\": \"week\", \"object\": \"W0 for Edinburgh Fringe 2022\"}}]"
  }
},
{
  "model": "admin.logentry",
  "pk": 9,
  "fields": {
    "action_time": "2022-10-21T00:33:29.617Z",
    "user": [
      "sam"
    ],
    "content_type": [
      "people",
      "person"
    ],
    "object_id": "1",
    "object_repr": "Will Shake",
    "action_flag": 2,
    "change_message": "[{\"added\": {\"name\": \"contact detail\", \"object\": \"ContactDetail object (1)\"}}]"
  }
},
{
  "model": "admin.logentry",
  "pk": 10,
  "fields": {
    "action_time": "2022-10-21T00:35:35.953Z",
    "user": [
      "sam"
    ],
    "content_type": [
      "auth",
      "user"
    ],
    "object_id": "2",
    "object_repr": "will",
    "action_flag": 1,
    "change_message": "[{\"added\": {}}]"
  }
},
{
  "model": "admin.logentry",
  "pk": 11,
  "fields": {
    "action_time": "2022-10-21T00:35:45.356Z",
    "user": [
      "sam"
    ],
    "content_type": [
      "people",
      "person"
    ],
    "object_id": "1",
    "object_repr": "Will Shake",
    "action_flag": 2,
    "change_message": "[{\"changed\": {\"fields\": [\"Site user\"]}}]"
  }
},
{
  "model": "admin.logentry",
  "pk": 12,
  "fields": {
    "action_time": "2022-10-21T00:58:46.038Z",
    "user": [
      "sam"
    ],
    "content_type": [
      "auth",
      "user"
    ],
    "object_id": "2",
    "object_repr": "will",
    "action_flag": 2,
    "change_message": "[{\"changed\": {\"fields\": [\"Staff status\"]}}]"
  }
},
{
  "model": "admin.logentry",
  "pk": 13,
  "fields": {
    "action_time": "2022-10-21T19:01:54.958Z",
    "user": [
      "sam"
    ],
    "content_type": [
      "programming",
      "company"
    ],
    "object_id": "1",
    "object_repr": "Shakespeare Productions",
    "action_flag": 2,
    "change_message": "[]"
  }
},
{
  "model": "admin.logentry",
  "pk": 14,
  "fields": {
    "action_time": "2022-10-21T19:02:01.954Z",
    "user": [
      "sam"
    ],
    "content_type": [
      "programming",
      "company"
    ],
    "object_id": "1",
    "object_repr": "Shakespeare Productions",
    "action_flag": 2,
    "change_message": "[]"
  }
},
{
  "model": "admin.logentry",
  "pk": 15,
  "fields": {
    "action_time": "2022-10-21T19:03:41.931Z",
    "user": [
      "sam"
    ],
    "content_type": [
      "programming",
      "company"
    ],
    "object_id": "1",
    "object_repr": "Shakespeare Productions",
    "action_flag": 2,
    "change_message": "[]"
  }
},
{
  "model": "admin.logentry",
  "pk": 16,
  "fields": {
    "action_time": "2022-10-21T19:04:02.000Z",
    "user": [
      "sam"
    ],
    "content_type": [
      "people",
      "person"
    ],
    "object_id": "2",
    "object_repr": "Christopher Marlowe",
    "action_flag": 1,
    "change_message": "[{\"added\": {}}]"
  }
},
{
  "model": "admin.logentry",
  "pk": 17,
  "fields": {
    "action_time": "2022-10-21T19:04:05.298Z",
    "user": [
      "sam"
    ],
    "content_type": [
      "programming",
      "company"
    ],
    "object_id": "1",
    "object_repr": "Shakespeare Productions",
    "action_flag": 2,
    "change_message": "[{\"changed\": {\"fields\": [\"Lead contact\"]}}]"
  }
},
{
  "model": "admin.logentry",
  "pk": 18,
  "fields": {
    "action_time": "2022-10-21T19:04:10.291Z",
    "user": [
      "sam"
    ],
    "content_type": [
      "programming",
      "company"
    ],
    "object_id": "1",
    "object_repr": "Shakespeare Productions",
    "action_flag": 2,
    "change_message": "[{\"changed\": {\"fields\": [\"Lead contact\"]}}]"
  }
},
{
  "model": "admin.logentry",
  "pk": 19,
  "fields": {
    "action_time": "2022-10-21T19:05:12.094Z",
    "user": [
      "sam"
    ],
    "content_type": [
      "programming",
      "company"
    ],
    "object_id": "1",
    "object_repr": "Shakespeare Productions",
    "action_flag": 2,
    "change_message": "[{\"changed\": {\"fields\": [\"Lead contact\"]}}]"
  }
},
{
  "model": "admin.logentry",
  "pk": 20,
  "fields": {
    "action_time": "2022-10-21T19:05:15.555Z",
    "user": [
      "sam"
    ],
    "content_type": [
      "programming",
      "company"
    ],
    "object_id": "1",
    "object_repr": "Shakespeare Productions",
    "action_flag": 2,
    "change_message": "[{\"changed\": {\"fields\": [\"Lead contact\"]}}]"
  }
},
{
  "model": "admin.logentry",
  "pk": 21,
  "fields": {
    "action_time": "2022-10-21T19:08:29.153Z",
    "user": [
      "sam"
    ],
    "content_type": [
      "programming",
      "company"
    ],
    "object_id": "1",
    "object_repr": "Shakespeare Productions",
    "action_flag": 2,
    "change_message": "[{\"changed\": {\"fields\": [\"Company members\"]}}]"
  }
},
{
  "model": "admin.logentry",
  "pk": 22,
  "fields": {
    "action_time": "2022-10-21T19:09:53.294Z",
    "user": [
      "sam"
    ],
    "content_type": [
      "programming",
      "company"
    ],
    "object_id": "1",
    "object_repr": "Shakespeare Productions",
    "action_flag": 2,
    "change_message": "[{\"changed\": {\"fields\": [\"Company members\"]}}]"
  }
},
{
  "model": "admin.logentry",
  "pk": 23,
  "fields": {
    "action_time": "2022-10-21T19:10:15.512Z",
    "user": [
      "sam"
    ],
    "content_type": [
      "programming",
      "company"
    ],
    "object_id": "1",
    "object_repr": "Shakespeare Productions",
    "action_flag": 2,
    "change_message": "[]"
  }
},
{
  "model": "admin.logentry",
  "pk": 24,
  "fields": {
    "action_time": "2022-10-21T19:10:30.186Z",
    "user": [
      "sam"
    ],
    "content_type": [
      "programming",
      "company"
    ],
    "object_id": "1",
    "object_repr": "Shakespeare Productions",
    "action_flag": 2,
    "change_message": "[]"
  }
},
{
  "model": "admin.logentry",
  "pk": 25,
  "fields": {
    "action_time": "2022-10-21T19:10:46.213Z",
    "user": [
      "sam"
    ],
    "content_type": [
      "programming",
      "company"
    ],
    "object_id": "1",
    "object_repr": "Shakespeare Productions",
    "action_flag": 2,
    "change_message": "[]"
  }
},
{
  "model": "admin.logentry",
  "pk": 26,
  "fields": {
    "action_time": "2022-10-21T19:14:42.894Z",
    "user": [
      "sam"
    ],
    "content_type": [
      "programming",
      "company"
    ],
    "object_id": "1",
    "object_repr": "Shakespeare Productions",
    "action_flag": 2,
    "change_message": "[]"
  }
},
{
  "model": "admin.logentry",
  "pk": 27,
  "fields": {
    "action_time": "2022-10-21T19:14:47.395Z",
    "user": [
      "sam"
    ],
    "content_type": [
      "programming",
      "company"
    ],
    "object_id": "1",
    "object_repr": "Shakespeare Productions",
    "action_flag": 2,
    "change_message": "[{\"changed\": {\"fields\": [\"Lead contact\"]}}]"
  }
},
{
  "model": "admin.logentry",
  "pk": 28,
  "fields": {
    "action_time": "2022-10-21T19:14:50.837Z",
    "user": [
      "sam"
    ],
    "content_type": [
      "programming",
      "company"
    ],
    "object_id": "1",
    "object_repr": "Shakespeare Productions",
    "action_flag": 2,
    "change_message": "[{\"changed\": {\"fields\": [\"Lead contact\"]}}]"
  }
},
{
  "model": "admin.logentry",
  "pk": 29,
  "fields": {
    "action_time": "2022-10-21T19:19:26.561Z",
    "user": [
      "sam"
    ],
    "content_type": [
      "programming",
      "company"
    ],
    "object_id": "1",
    "object_repr": "Shakespeare Productions",
    "action_flag": 2,
    "change_message": "[]"
  }
},
{
  "model": "admin.logentry",
  "pk": 30,
  "fields": {
    "action_time": "2022-10-21T19:21:19.005Z",
    "user": [
      "sam"
    ],
    "content_type": [
      "programming",
      "company"
    ],
    "object_id": "1",
    "object_repr": "Shakespeare Productions",
    "action_flag": 2,
    "change_message": "[]"
  }
},
{
  "model": "admin.logentry",
  "pk": 31,
  "fields": {
    "action_time": "2022-10-21T19:21:23.031Z",
    "user": [
      "sam"
    ],
    "content_type": [
      "programming",
      "company"
    ],
    "object_id": "1",
    "object_repr": "Shakespeare Productions",
    "action_flag": 2,
    "change_message": "[]"
  }
},
{
  "model": "admin.logentry",
  "pk": 32,
  "fields": {
    "action_time": "2022-10-21T19:21:39.099Z",
    "user": [
      "sam"
    ],
    "content_type": [
      "programming",
      "company"
    ],
    "object_id": "1",
    "object_repr": "Shakespeare Productions",
    "action_flag": 2,
    "change_message": "[]"
  }
},
{
  "model": "admin.logentry",
  "pk": 33,
  "fields": {
    "action_time": "2022-10-21T19:25:24.960Z",
    "user": [
      "sam"
    ],
    "content_type": [
      "programming",
      "company"
    ],
    "object_id": "1",
    "object_repr": "Shakespeare Productions",
    "action_flag": 2,
    "change_message": "[]"
  }
},
{
  "model": "admin.logentry",
  "pk": 34,
  "fields": {
    "action_time": "2022-10-21T19:26:12.576Z",
    "user": [
      "sam"
    ],
    "content_type": [
      "programming",
      "company"
    ],
    "object_id": "1",
    "object_repr": "Shakespeare Productions",
    "action_flag": 2,
    "change_message": "[{\"changed\": {\"fields\": [\"Company members\"]}}]"
  }
},
{
  "model": "admin.logentry",
  "pk": 35,
  "fields": {
    "action_time": "2022-10-21T19:26:25.604Z",
    "user": [
      "sam"
    ],
    "content_type": [
      "programming",
      "company"
    ],
    "object_id": "1",
    "object_repr": "Shakespeare Productions",
    "action_flag": 2,
    "change_message": "[]"
  }
},
{
  "model": "admin.logentry",
  "pk": 36,
  "fields": {
    "action_time": "2022-10-24T13:59:22.806Z",
    "user": [
      "sam"
    ],
    "content_type": [
      "people",
      "person"
    ],
    "object_id": "3",
    "object_repr": "Sam Osborne",
    "action_flag": 1,
    "change_message": "[{\"added\": {}}]"
  }
},
{
  "model": "admin.logentry",
  "pk": 37,
  "fields": {
    "action_time": "2022-10-24T17:53:57.799Z",
    "user": [
      "sam"
    ],
    "content_type": [
      "staffing",
      "quicklink"
    ],
    "object_id": "1",
    "object_repr": "Quick link for Rota",
    "action_flag": 1,
    "change_message": "[{\"added\": {}}]"
  }
},
{
  "model": "admin.logentry",
  "pk": 38,
  "fields": {
    "action_time": "2022-10-24T17:54:00.596Z",
    "user": [
      "sam"
    ],
    "content_type": [
      "staffing",
      "quicklink"
    ],
    "object_id": "2",
    "object_repr": "Quick link for Wiki",
    "action_flag": 1,
    "change_message": "[{\"added\": {}}]"
  }
},
{
  "model": "admin.logentry",
  "pk": 39,
  "fields": {
    "action_time": "2022-10-24T17:54:16.620Z",
    "user": [
      "sam"
    ],
    "content_type": [
      "staffing",
      "quicklink"
    ],
    "object_id": "3",
    "object_repr": "Quick link for Expenses",
    "action_flag": 1,
    "change_message": "[{\"added\": {}}]"
  }
},
{
  "model": "admin.logentry",
  "pk": 40,
  "fields": {
    "action_time": "2022-10-24T17:55:54.320Z",
    "user": [
      "sam"
    ],
    "content_type": [
      "staffing",
      "quicklink"
    ],
    "object_id": "2",
    "object_repr": "Quick link for Wiki",
    "action_flag": 2,
    "change_message": "[{\"changed\": {\"fields\": [\"Ordering\"]}}]"
  }
},
{
  "model": "admin.logentry",
  "pk": 41,
  "fields": {
    "action_time": "2022-10-24T17:55:56.828Z",
    "user": [
      "sam"
    ],
    "content_type": [
      "staffing",
      "quicklink"
    ],
    "object_id": "3",
    "object_repr": "Quick link for Expenses",
    "action_flag": 2,
    "change_message": "[{\"changed\": {\"fields\": [\"Ordering\"]}}]"
  }
},
{
  "model": "admin.logentry",
  "pk": 42,
  "fields": {
    "action_time": "2022-10-24T18:40:33.777Z",
    "user": [
      "sam"
    ],
    "content_type": [
      "programming",
      "show"
    ],
    "object_id": "1",
    "object_repr": "Macbeth from Shakespeare Productions",
    "action_flag": 2,
    "change_message": "[{\"added\": {\"name\": \"person show\", \"object\": \"Christopher Marlowe is Stage Manager on Macbeth from Shakespeare Productions\"}}]"
  }
},
{
  "model": "admin.logentry",
  "pk": 43,
  "fields": {
    "action_time": "2022-10-24T18:44:32.573Z",
    "user": [
      "sam"
    ],
    "content_type": [
      "people",
      "person"
    ],
    "object_id": "2",
    "object_repr": "Christopher Marlowe",
    "action_flag": 2,
    "change_message": "[{\"added\": {\"name\": \"Person - Show Relationship\", \"object\": \"Christopher Marlowe is Performer on Hamlet from Shakespeare Productions\"}}]"
  }
},
{
  "model": "admin.logentry",
  "pk": 44,
  "fields": {
    "action_time": "2022-10-24T18:52:19.856Z",
    "user": [
      "sam"
    ],
    "content_type": [
      "auth",
      "user"
    ],
    "object_id": "2",
    "object_repr": "will",
    "action_flag": 2,
    "change_message": "[{\"changed\": {\"fields\": [\"password\"]}}]"
  }
},
{
  "model": "admin.logentry",
  "pk": 45,
  "fields": {
    "action_time": "2022-10-27T20:15:21.051Z",
    "user": [
      "sam"
    ],
    "content_type": [
      "auth",
      "user"
    ],
    "object_id": "6",
    "object_repr": "SNew",
    "action_flag": 3,
    "change_message": ""
  }
},
{
  "model": "admin.logentry",
  "pk": 46,
  "fields": {
    "action_time": "2022-10-27T20:15:21.055Z",
    "user": [
      "sam"
    ],
    "content_type": [
      "auth",
      "user"
    ],
    "object_id": "4",
    "object_repr": "Someone",
    "action_flag": 3,
    "change_message": ""
  }
},
{
  "model": "admin.logentry",
  "pk": 47,
  "fields": {
    "action_time": "2022-10-27T20:15:21.058Z",
    "user": [
      "sam"
    ],
    "content_type": [
      "auth",
      "user"
    ],
    "object_id": "3",
    "object_repr": "Test",
    "action_flag": 3,
    "change_message": ""
  }
},
{
  "model": "admin.logentry",
  "pk": 48,
  "fields": {
    "action_time": "2022-10-27T20:15:21.060Z",
    "user": [
      "sam"
    ],
    "content_type": [
      "auth",
      "user"
    ],
    "object_id": "5",
    "object_repr": "Thingy",
    "action_flag": 3,
    "change_message": ""
  }
},
{
  "model": "admin.logentry",
  "pk": 49,
  "fields": {
    "action_time": "2022-10-27T20:16:26.504Z",
    "user": [
      "sam"
    ],
    "content_type": [
      "auth",
      "user"
    ],
    "object_id": "8",
    "object_repr": "Talia1",
    "action_flag": 3,
    "change_message": ""
  }
},
{
  "model": "admin.logentry",
  "pk": 50,
  "fields": {
    "action_time": "2022-10-27T20:55:31.927Z",
    "user": [
      "sam"
    ],
    "content_type": [
      "auth",
      "user"
    ],
    "object_id": "14",
    "object_repr": "bbob",
    "action_flag": 3,
    "change_message": ""
  }
},
{
  "model": "admin.logentry",
  "pk": 51,
  "fields": {
    "action_time": "2022-10-27T20:55:31.933Z",
    "user": [
      "sam"
    ],
    "content_type": [
      "auth",
      "user"
    ],
    "object_id": "17",
    "object_repr": "bnrob",
    "action_flag": 3,
    "change_message": ""
  }
},
{
  "model": "admin.logentry",
  "pk": 52,
  "fields": {
    "action_time": "2022-10-27T20:55:31.937Z",
    "user": [
      "sam"
    ],
    "content_type": [
      "auth",
      "user"
    ],
    "object_id": "18",
    "object_repr": "bnrob1",
    "action_flag": 3,
    "change_message": ""
  }
},
{
  "model": "admin.logentry",
  "pk": 53,
  "fields": {
    "action_time": "2022-10-27T20:55:31.941Z",
    "user": [
      "sam"
    ],
    "content_type": [
      "auth",
      "user"
    ],
    "object_id": "19",
    "object_repr": "bnrob12",
    "action_flag": 3,
    "change_message": ""
  }
},
{
  "model": "admin.logentry",
  "pk": 54,
  "fields": {
    "action_time": "2022-10-27T20:55:31.944Z",
    "user": [
      "sam"
    ],
    "content_type": [
      "auth",
      "user"
    ],
    "object_id": "21",
    "object_repr": "brobin",
    "action_flag": 3,
    "change_message": ""
  }
},
{
  "model": "admin.logentry",
  "pk": 55,
  "fields": {
    "action_time": "2022-10-27T20:55:31.946Z",
    "user": [
      "sam"
    ],
    "content_type": [
      "auth",
      "user"
    ],
    "object_id": "22",
    "object_repr": "brobin1",
    "action_flag": 3,
    "change_message": ""
  }
},
{
  "model": "admin.logentry",
  "pk": 56,
  "fields": {
    "action_time": "2022-10-27T20:55:31.951Z",
    "user": [
      "sam"
    ],
    "content_type": [
      "auth",
      "user"
    ],
    "object_id": "23",
    "object_repr": "brobin12",
    "action_flag": 3,
    "change_message": ""
  }
},
{
  "model": "admin.logentry",
  "pk": 57,
  "fields": {
    "action_time": "2022-10-27T20:55:31.954Z",
    "user": [
      "sam"
    ],
    "content_type": [
      "auth",
      "user"
    ],
    "object_id": "13",
    "object_repr": "otwo",
    "action_flag": 3,
    "change_message": ""
  }
},
{
  "model": "admin.logentry",
  "pk": 58,
  "fields": {
    "action_time": "2022-10-27T20:55:31.957Z",
    "user": [
      "sam"
    ],
    "content_type": [
      "auth",
      "user"
    ],
    "object_id": "10",
    "object_repr": "rellis",
    "action_flag": 3,
    "change_message": ""
  }
},
{
  "model": "admin.logentry",
  "pk": 59,
  "fields": {
    "action_time": "2022-10-27T20:55:31.960Z",
    "user": [
      "sam"
    ],
    "content_type": [
      "auth",
      "user"
    ],
    "object_id": "12",
    "object_repr": "sbob",
    "action_flag": 3,
    "change_message": ""
  }
},
{
  "model": "admin.logentry",
  "pk": 60,
  "fields": {
    "action_time": "2022-10-27T20:55:31.962Z",
    "user": [
      "sam"
    ],
    "content_type": [
      "auth",
      "user"
    ],
    "object_id": "20",
    "object_repr": "sssdgs",
    "action_flag": 3,
    "change_message": ""
  }
},
{
  "model": "admin.logentry",
  "pk": 61,
  "fields": {
    "action_time": "2022-10-27T20:55:31.966Z",
    "user": [
      "sam"
    ],
    "content_type": [
      "auth",
      "user"
    ],
    "object_id": "11",
    "object_repr": "tbob",
    "action_flag": 3,
    "change_message": ""
  }
},
{
  "model": "admin.logentry",
  "pk": 62,
  "fields": {
    "action_time": "2022-10-27T20:55:31.969Z",
    "user": [
      "sam"
    ],
    "content_type": [
      "auth",
      "user"
    ],
    "object_id": "15",
    "object_repr": "tbob1",
    "action_flag": 3,
    "change_message": ""
  }
},
{
  "model": "admin.logentry",
  "pk": 63,
  "fields": {
    "action_time": "2022-10-27T20:55:31.971Z",
    "user": [
      "sam"
    ],
    "content_type": [
      "auth",
      "user"
    ],
    "object_id": "16",
    "object_repr": "tbob12",
    "action_flag": 3,
    "change_message": ""
  }
},
{
  "model": "admin.logentry",
  "pk": 64,
  "fields": {
    "action_time": "2022-10-27T20:55:31.974Z",
    "user": [
      "sam"
    ],
    "content_type": [
      "auth",
      "user"
    ],
    "object_id": "7",
    "object_repr": "tsimmons",
    "action_flag": 3,
    "change_message": ""
  }
},
{
  "model": "admin.logentry",
  "pk": 65,
  "fields": {
    "action_time": "2022-10-27T20:55:31.977Z",
    "user": [
      "sam"
    ],
    "content_type": [
      "auth",
      "user"
    ],
    "object_id": "9",
    "object_repr": "tsimmons1",
    "action_flag": 3,
    "change_message": ""
  }
},
{
  "model": "admin.logentry",
  "pk": 66,
  "fields": {
    "action_time": "2022-10-27T21:35:18.533Z",
    "user": [
      "sam"
    ],
    "content_type": [
      "people",
      "person"
    ],
    "object_id": "4",
    "object_repr": "Batman Robin",
    "action_flag": 3,
    "change_message": ""
  }
},
{
  "model": "admin.logentry",
  "pk": 67,
  "fields": {
    "action_time": "2022-10-28T00:16:46.596Z",
    "user": [
      "sam"
    ],
    "content_type": [
      "programming",
      "company"
    ],
    "object_id": "2",
    "object_repr": "Another Company",
    "action_flag": 1,
    "change_message": "[{\"added\": {}}]"
  }
},
{
  "model": "admin.logentry",
  "pk": 68,
  "fields": {
    "action_time": "2022-10-28T12:59:40.473Z",
    "user": [
      "sam"
    ],
    "content_type": [
      "programming",
      "event"
    ],
    "object_id": "1",
    "object_repr": "Edinburgh Fringe 2023",
    "action_flag": 2,
    "change_message": "[{\"changed\": {\"name\": \"week\", \"object\": \"W0 for Edinburgh Fringe 2023\", \"fields\": [\"Has performances\"]}}]"
  }
},
{
  "model": "admin.logentry",
  "pk": 69,
  "fields": {
    "action_time": "2022-10-28T17:02:06.866Z",
    "user": [
      "sam"
    ],
    "content_type": [
      "people",
      "person"
    ],
    "object_id": "7",
    "object_repr": "Staff Volunteer",
    "action_flag": 2,
    "change_message": "[{\"changed\": {\"fields\": [\"Person type\"]}}]"
  }
},
{
  "model": "admin.logentry",
  "pk": 70,
  "fields": {
    "action_time": "2022-10-28T17:15:45.306Z",
    "user": [
      "sam"
    ],
    "content_type": [
      "programming",
      "event"
    ],
    "object_id": "2",
    "object_repr": "Edinburgh Fringe 2022",
    "action_flag": 2,
    "change_message": "[{\"changed\": {\"fields\": [\"Title\", \"Year\"]}}]"
  }
},
{
  "model": "admin.logentry",
  "pk": 71,
  "fields": {
    "action_time": "2022-10-28T17:15:50.814Z",
    "user": [
      "sam"
    ],
    "content_type": [
      "programming",
      "event"
    ],
    "object_id": "1",
    "object_repr": "Edinburgh Fringe 2023",
    "action_flag": 2,
    "change_message": "[{\"changed\": {\"fields\": [\"Title\", \"Year\"]}}]"
  }
},
{
  "model": "admin.logentry",
  "pk": 72,
  "fields": {
    "action_time": "2022-10-28T17:36:31.435Z",
    "user": [
      "sam"
    ],
    "content_type": [
      "people",
      "person"
    ],
    "object_id": "6",
    "object_repr": "Ursula Person",
    "action_flag": 2,
    "change_message": "[{\"changed\": {\"fields\": [\"Forename\"]}}]"
  }
},
{
  "model": "admin.logentry",
  "pk": 73,
  "fields": {
    "action_time": "2022-10-28T17:53:43.259Z",
    "user": [
      "sam"
    ],
    "content_type": [
      "auth",
      "group"
    ],
    "object_id": "1",
    "object_repr": "volunteer",
    "action_flag": 1,
    "change_message": "[{\"added\": {}}]"
  }
},
{
  "model": "admin.logentry",
  "pk": 74,
  "fields": {
    "action_time": "2022-10-28T17:53:47.660Z",
    "user": [
      "sam"
    ],
    "content_type": [
      "auth",
      "group"
    ],
    "object_id": "2",
    "object_repr": "company",
    "action_flag": 1,
    "change_message": "[{\"added\": {}}]"
  }
},
{
  "model": "admin.logentry",
  "pk": 75,
  "fields": {
    "action_time": "2022-10-28T17:53:50.824Z",
    "user": [
      "sam"
    ],
    "content_type": [
      "auth",
      "group"
    ],
    "object_id": "3",
    "object_repr": "director",
    "action_flag": 1,
    "change_message": "[{\"added\": {}}]"
  }
},
{
  "model": "admin.logentry",
  "pk": 76,
  "fields": {
    "action_time": "2022-10-28T18:43:56.391Z",
    "user": [
      "sam"
    ],
    "content_type": [
      "auth",
      "group"
    ],
    "object_id": "2",
    "object_repr": "company",
    "action_flag": 2,
    "change_message": "[{\"changed\": {\"fields\": [\"Permissions\"]}}]"
  }
},
{
  "model": "admin.logentry",
  "pk": 77,
  "fields": {
    "action_time": "2022-10-28T18:45:12.389Z",
    "user": [
      "sam"
    ],
    "content_type": [
      "auth",
      "group"
    ],
    "object_id": "1",
    "object_repr": "volunteer",
    "action_flag": 2,
    "change_message": "[{\"changed\": {\"fields\": [\"Permissions\"]}}]"
  }
},
{
  "model": "admin.logentry",
  "pk": 78,
  "fields": {
    "action_time": "2022-10-28T18:45:53.423Z",
    "user": [
      "sam"
    ],
    "content_type": [
      "auth",
      "group"
    ],
    "object_id": "3",
    "object_repr": "director",
    "action_flag": 2,
    "change_message": "[{\"changed\": {\"fields\": [\"Permissions\"]}}]"
  }
},
{
  "model": "admin.logentry",
  "pk": 79,
  "fields": {
    "action_time": "2022-10-28T18:46:07.344Z",
    "user": [
      "sam"
    ],
    "content_type": [
      "auth",
      "group"
    ],
    "object_id": "1",
    "object_repr": "volunteer",
    "action_flag": 2,
    "change_message": "[{\"changed\": {\"fields\": [\"Permissions\"]}}]"
  }
},
{
  "model": "admin.logentry",
  "pk": 80,
  "fields": {
    "action_time": "2022-10-28T19:02:55.466Z",
    "user": [
      "sam"
    ],
    "content_type": [
      "auth",
      "user"
    ],
    "object_id": "25",
    "object_repr": "uperson",
    "action_flag": 2,
    "change_message": "[{\"changed\": {\"fields\": [\"Groups\", \"Last login\"]}}]"
  }
},
{
  "model": "admin.logentry",
  "pk": 81,
  "fields": {
    "action_time": "2022-10-28T19:03:14.528Z",
    "user": [
      "sam"
    ],
    "content_type": [
      "auth",
      "user"
    ],
    "object_id": "26",
    "object_repr": "svolunteer",
    "action_flag": 2,
    "change_message": "[{\"changed\": {\"fields\": [\"Groups\", \"Last login\"]}}]"
  }
},
{
  "model": "admin.logentry",
  "pk": 82,
  "fields": {
    "action_time": "2022-10-28T19:13:48.572Z",
    "user": [
      "sam"
    ],
    "content_type": [
      "auth",
      "user"
    ],
    "object_id": "27",
    "object_repr": "volunteer",
    "action_flag": 1,
    "change_message": "[{\"added\": {}}]"
  }
},
{
  "model": "admin.logentry",
  "pk": 83,
  "fields": {
    "action_time": "2022-10-28T19:13:55.376Z",
    "user": [
      "sam"
    ],
    "content_type": [
      "auth",
      "user"
    ],
    "object_id": "27",
    "object_repr": "volunteer",
    "action_flag": 2,
    "change_message": "[{\"changed\": {\"fields\": [\"Groups\"]}}]"
  }
},
{
  "model": "admin.logentry",
  "pk": 84,
  "fields": {
    "action_time": "2022-10-28T19:14:10.107Z",
    "user": [
      "sam"
    ],
    "content_type": [
      "auth",
      "user"
    ],
    "object_id": "28",
    "object_repr": "director",
    "action_flag": 1,
    "change_message": "[{\"added\": {}}]"
  }
},
{
  "model": "admin.logentry",
  "pk": 85,
  "fields": {
    "action_time": "2022-10-28T19:14:16.761Z",
    "user": [
      "sam"
    ],
    "content_type": [
      "auth",
      "user"
    ],
    "object_id": "28",
    "object_repr": "director",
    "action_flag": 2,
    "change_message": "[{\"changed\": {\"fields\": [\"Groups\"]}}]"
  }
},
{
  "model": "admin.logentry",
  "pk": 86,
  "fields": {
    "action_time": "2022-10-28T19:14:23.924Z",
    "user": [
      "sam"
    ],
    "content_type": [
      "auth",
      "user"
    ],
    "object_id": "29",
    "object_repr": "company",
    "action_flag": 1,
    "change_message": "[{\"added\": {}}]"
  }
},
{
  "model": "admin.logentry",
  "pk": 87,
  "fields": {
    "action_time": "2022-10-28T19:14:31.135Z",
    "user": [
      "sam"
    ],
    "content_type": [
      "auth",
      "user"
    ],
    "object_id": "29",
    "object_repr": "company",
    "action_flag": 2,
    "change_message": "[{\"changed\": {\"fields\": [\"Groups\"]}}]"
  }
},
{
  "model": "admin.logentry",
  "pk": 88,
  "fields": {
    "action_time": "2022-10-28T19:14:42.352Z",
    "user": [
      "sam"
    ],
    "content_type": [
      "people",
      "person"
    ],
    "object_id": "7",
    "object_repr": "Staff Volunteer",
    "action_flag": 2,
    "change_message": "[{\"changed\": {\"fields\": [\"Site user\"]}}]"
  }
},
{
  "model": "admin.logentry",
  "pk": 89,
  "fields": {
    "action_time": "2022-10-28T19:15:00.755Z",
    "user": [
      "sam"
    ],
    "content_type": [
      "people",
      "person"
    ],
    "object_id": "8",
    "object_repr": "Paradise Director",
    "action_flag": 1,
    "change_message": "[{\"added\": {}}]"
  }
},
{
  "model": "admin.logentry",
  "pk": 90,
  "fields": {
    "action_time": "2022-10-28T19:15:17.691Z",
    "user": [
      "sam"
    ],
    "content_type": [
      "people",
      "person"
    ],
    "object_id": "9",
    "object_repr": "Eric Performer",
    "action_flag": 1,
    "change_message": "[{\"added\": {}}]"
  }
},
{
  "model": "admin.logentry",
  "pk": 91,
  "fields": {
    "action_time": "2022-10-28T19:30:13.981Z",
    "user": [
      "sam"
    ],
    "content_type": [
      "auth",
      "user"
    ],
    "object_id": "27",
    "object_repr": "volunteer",
    "action_flag": 2,
    "change_message": "[{\"changed\": {\"fields\": [\"password\"]}}]"
  }
},
{
  "model": "admin.logentry",
  "pk": 92,
  "fields": {
    "action_time": "2022-10-29T12:34:04.846Z",
    "user": [
      "sam"
    ],
    "content_type": [
      "staffing",
      "staffrole"
    ],
    "object_id": "1",
    "object_repr": "Front of House Staff",
    "action_flag": 1,
    "change_message": "[{\"added\": {}}]"
  }
},
{
  "model": "admin.logentry",
  "pk": 93,
  "fields": {
    "action_time": "2022-10-29T12:34:13.732Z",
    "user": [
      "sam"
    ],
    "content_type": [
      "staffing",
      "staffrole"
    ],
    "object_id": "2",
    "object_repr": "Duty Manager",
    "action_flag": 1,
    "change_message": "[{\"added\": {}}]"
  }
},
{
  "model": "admin.logentry",
  "pk": 94,
  "fields": {
    "action_time": "2022-10-29T12:34:18.633Z",
    "user": [
      "sam"
    ],
    "content_type": [
      "staffing",
      "staffrole"
    ],
    "object_id": "3",
    "object_repr": "Duty First Aider",
    "action_flag": 1,
    "change_message": "[{\"added\": {}}]"
  }
},
{
  "model": "admin.logentry",
  "pk": 95,
  "fields": {
    "action_time": "2022-10-29T12:34:22.940Z",
    "user": [
      "sam"
    ],
    "content_type": [
      "staffing",
      "staffrole"
    ],
    "object_id": "4",
    "object_repr": "Kitchen Assistant",
    "action_flag": 1,
    "change_message": "[{\"added\": {}}]"
  }
},
{
  "model": "admin.logentry",
  "pk": 96,
  "fields": {
    "action_time": "2022-10-29T12:34:28.703Z",
    "user": [
      "sam"
    ],
    "content_type": [
      "staffing",
      "staffrole"
    ],
    "object_id": "5",
    "object_repr": "Kitchen Manager",
    "action_flag": 1,
    "change_message": "[{\"added\": {}}]"
  }
},
{
  "model": "admin.logentry",
  "pk": 97,
  "fields": {
    "action_time": "2022-10-29T12:34:32.784Z",
    "user": [
      "sam"
    ],
    "content_type": [
      "staffing",
      "staffrole"
    ],
    "object_id": "6",
    "object_repr": "Technician",
    "action_flag": 1,
    "change_message": "[{\"added\": {}}]"
  }
},
{
  "model": "admin.logentry",
  "pk": 98,
  "fields": {
    "action_time": "2022-10-29T12:34:37.334Z",
    "user": [
      "sam"
    ],
    "content_type": [
      "staffing",
      "staffrole"
    ],
    "object_id": "7",
    "object_repr": "Technical Manager",
    "action_flag": 1,
    "change_message": "[{\"added\": {}}]"
  }
},
{
  "model": "admin.logentry",
  "pk": 99,
  "fields": {
    "action_time": "2022-10-29T13:36:16.966Z",
    "user": [
      "sam"
    ],
    "content_type": [
      "people",
      "person"
    ],
    "object_id": "8",
    "object_repr": "Paradise Director",
    "action_flag": 2,
    "change_message": "[{\"changed\": {\"fields\": [\"Person type\"]}}]"
  }
},
{
  "model": "admin.logentry",
  "pk": 100,
  "fields": {
    "action_time": "2022-10-29T17:13:52.807Z",
    "user": [
      "sam"
    ],
    "content_type": [
      "staffing",
      "application"
    ],
    "object_id": "2",
    "object_repr": "Application for None",
    "action_flag": 3,
    "change_message": ""
  }
},
{
  "model": "admin.logentry",
  "pk": 101,
  "fields": {
    "action_time": "2022-10-29T17:13:52.811Z",
    "user": [
      "sam"
    ],
    "content_type": [
      "staffing",
      "application"
    ],
    "object_id": "1",
    "object_repr": "Application for None",
    "action_flag": 3,
    "change_message": ""
  }
},
{
  "model": "admin.logentry",
  "pk": 102,
  "fields": {
    "action_time": "2022-10-29T19:15:41.435Z",
    "user": [
      "sam"
    ],
    "content_type": [
      "auth",
      "group"
    ],
    "object_id": "3",
    "object_repr": "director",
    "action_flag": 2,
    "change_message": "[{\"changed\": {\"fields\": [\"Permissions\"]}}]"
  }
},
{
  "model": "admin.logentry",
  "pk": 103,
  "fields": {
    "action_time": "2022-10-29T20:04:07.328Z",
    "user": [
      "sam"
    ],
    "content_type": [
      "auth",
      "user"
    ],
    "object_id": "30",
    "object_repr": "tperson",
    "action_flag": 2,
    "change_message": "[{\"changed\": {\"fields\": [\"Groups\", \"Last login\"]}}]"
  }
},
{
  "model": "admin.logentry",
  "pk": 104,
  "fields": {
    "action_time": "2022-10-30T00:22:34.010Z",
    "user": [
      "sam"
    ],
    "content_type": [
      "auth",
      "group"
    ],
    "object_id": "3",
    "object_repr": "director",
    "action_flag": 2,
    "change_message": "[{\"changed\": {\"fields\": [\"Permissions\"]}}]"
  }
},
{
  "model": "admin.logentry",
  "pk": 105,
  "fields": {
    "action_time": "2022-10-30T00:22:55.593Z",
    "user": [
      "sam"
    ],
    "content_type": [
      "auth",
      "group"
    ],
    "object_id": "3",
    "object_repr": "director",
    "action_flag": 2,
    "change_message": "[{\"changed\": {\"fields\": [\"Permissions\"]}}]"
  }
},
{
  "model": "admin.logentry",
  "pk": 106,
  "fields": {
    "action_time": "2022-10-30T01:18:00.022Z",
    "user": [
      "sam"
    ],
    "content_type": [
      "auth",
      "group"
    ],
    "object_id": "3",
    "object_repr": "director",
    "action_flag": 2,
    "change_message": "[{\"changed\": {\"fields\": [\"Permissions\"]}}]"
  }
},
{
  "model": "admin.logentry",
  "pk": 107,
  "fields": {
    "action_time": "2022-10-30T01:18:13.493Z",
    "user": [
      "sam"
    ],
    "content_type": [
      "auth",
      "group"
    ],
    "object_id": "1",
    "object_repr": "volunteer",
    "action_flag": 2,
    "change_message": "[{\"changed\": {\"fields\": [\"Permissions\"]}}]"
  }
},
{
  "model": "admin.logentry",
  "pk": 108,
  "fields": {
    "action_time": "2022-10-30T01:49:30.469Z",
    "user": [
      "sam"
    ],
    "content_type": [
      "people",
      "person"
    ],
    "object_id": "5",
    "object_repr": "Batman Robin",
    "action_flag": 2,
    "change_message": "[{\"changed\": {\"fields\": [\"Person type\"]}}]"
  }
},
{
  "model": "admin.logentry",
  "pk": 109,
  "fields": {
    "action_time": "2022-10-30T01:49:40.186Z",
    "user": [
      "sam"
    ],
    "content_type": [
      "auth",
      "user"
    ],
    "object_id": "24",
    "object_repr": "brobin",
    "action_flag": 2,
    "change_message": "[{\"changed\": {\"fields\": [\"password\"]}}]"
  }
},
{
  "model": "admin.logentry",
  "pk": 110,
  "fields": {
    "action_time": "2022-10-30T01:50:31.869Z",
    "user": [
      "sam"
    ],
    "content_type": [
      "auth",
      "user"
    ],
    "object_id": "24",
    "object_repr": "brobin",
    "action_flag": 2,
    "change_message": "[{\"changed\": {\"fields\": [\"Groups\", \"Last login\"]}}]"
  }
},
{
  "model": "admin.logentry",
  "pk": 111,
  "fields": {
    "action_time": "2022-10-30T01:59:16.523Z",
    "user": [
      "sam"
    ],
    "content_type": [
      "auth",
      "user"
    ],
    "object_id": "24",
    "object_repr": "brobin",
    "action_flag": 2,
    "change_message": "[{\"changed\": {\"fields\": [\"password\"]}}]"
  }
},
{
  "model": "people.person",
  "pk": 1,
  "fields": {
    "site_user": [
      "will"
    ],
    "forename": "Will",
    "surname": "Shake",
    "middle_name": "",
    "pronouns": "He / him",
    "photo": "",
    "medical_info": "",
    "person_type": "COMPY",
    "allergies": []
  }
},
{
  "model": "people.person",
  "pk": 2,
  "fields": {
    "site_user": null,
    "forename": "Christopher",
    "surname": "Marlowe",
    "middle_name": "",
    "pronouns": "",
    "photo": "",
    "medical_info": "",
    "person_type": "COMPY",
    "allergies": []
  }
},
{
  "model": "people.person",
  "pk": 3,
  "fields": {
    "site_user": [
      "sam"
    ],
    "forename": "Sam",
    "surname": "Osborne",
    "middle_name": "",
    "pronouns": "",
    "photo": "",
    "medical_info": "",
    "person_type": "STAFF",
    "allergies": []
  }
},
{
  "model": "people.person",
  "pk": 5,
  "fields": {
    "site_user": [
      "brobin"
    ],
    "forename": "Batman",
    "surname": "Robin",
    "middle_name": "",
    "pronouns": "",
    "photo": "",
    "medical_info": "",
    "person_type": "STAFF",
    "allergies": []
  }
},
{
  "model": "people.person",
  "pk": 6,
  "fields": {
    "site_user": [
      "uperson"
    ],
    "forename": "Ursula",
    "surname": "Person",
    "middle_name": "",
    "pronouns": "They / them",
    "photo": "",
    "medical_info": "",
    "person_type": "COMPY",
    "allergies": []
  }
},
{
  "model": "people.person",
  "pk": 7,
  "fields": {
    "site_user": [
      "volunteer"
    ],
    "forename": "Staff",
    "surname": "Volunteer",
    "middle_name": "",
    "pronouns": "they/them",
    "photo": "",
    "medical_info": "",
    "person_type": "STAFF",
    "allergies": []
  }
},
{
  "model": "people.person",
  "pk": 8,
  "fields": {
    "site_user": [
      "director"
    ],
    "forename": "Paradise",
    "surname": "Director",
    "middle_name": "",
    "pronouns": "she / her",
    "photo": "",
    "medical_info": "",
    "person_type": "STAFF",
    "allergies": []
  }
},
{
  "model": "people.person",
  "pk": 9,
  "fields": {
    "site_user": [
      "company"
    ],
    "forename": "Eric",
    "surname": "Performer",
    "middle_name": "The",
    "pronouns": "he / him",
    "photo": "",
    "medical_info": "",
    "person_type": "COMPY",
    "allergies": []
  }
},
{
  "model": "people.person",
  "pk": 10,
  "fields": {
    "site_user": [
      "tperson"
    ],
    "forename": "Test",
    "surname": "Person",
    "middle_name": "",
    "pronouns": "",
    "photo": "",
    "medical_info": "",
    "person_type": "COMPY",
    "allergies": []
  }
},
{
  "model": "people.person",
  "pk": 11,
  "fields": {
    "site_user": [
      "qtarantino"
    ],
    "forename": "Quentin",
    "surname": "Tarantino",
    "middle_name": "",
    "pronouns": "",
    "photo": "",
    "medical_info": "",
    "person_type": "STAFF",
    "allergies": []
  }
}
]
