[
{
  "model": "people.person",
  "pk": 1,
  "fields": {
    "site_user": 2,
    "forename": "Will",
    "surname": "Shake",
    "middle_name": "",
    "pronouns": "He / him",
    "photo": "",
    "medical_info": "",
    "person_type": "COMPY",
    "allergies": []
  }
},
{
  "model": "people.person",
  "pk": 2,
  "fields": {
    "site_user": null,
    "forename": "Christopher",
    "surname": "Marlowe",
    "middle_name": "",
    "pronouns": "",
    "photo": "",
    "medical_info": "",
    "person_type": "COMPY",
    "allergies": []
  }
},
{
  "model": "people.person",
  "pk": 3,
  "fields": {
    "site_user": 1,
    "forename": "Sam",
    "surname": "Osborne",
    "middle_name": "",
    "pronouns": "",
    "photo": "",
    "medical_info": "",
    "person_type": "STAFF",
    "allergies": []
  }
},
{
  "model": "people.person",
  "pk": 5,
  "fields": {
    "site_user": 24,
    "forename": "Batman",
    "surname": "Robin",
    "middle_name": "",
    "pronouns": "",
    "photo": "",
    "medical_info": "",
    "person_type": "STAFF",
    "allergies": []
  }
},
{
  "model": "people.person",
  "pk": 6,
  "fields": {
    "site_user": 25,
    "forename": "Ursula",
    "surname": "Person",
    "middle_name": "",
    "pronouns": "They / them",
    "photo": "",
    "medical_info": "",
    "person_type": "COMPY",
    "allergies": []
  }
},
{
  "model": "people.person",
  "pk": 7,
  "fields": {
    "site_user": 27,
    "forename": "Staff",
    "surname": "Volunteer",
    "middle_name": "",
    "pronouns": "they/them",
    "photo": "",
    "medical_info": "",
    "person_type": "STAFF",
    "allergies": []
  }
},
{
  "model": "people.person",
  "pk": 8,
  "fields": {
    "site_user": 28,
    "forename": "Paradise",
    "surname": "Director",
    "middle_name": "",
    "pronouns": "she / her",
    "photo": "",
    "medical_info": "",
    "person_type": "STAFF",
    "allergies": []
  }
},
{
  "model": "people.person",
  "pk": 9,
  "fields": {
    "site_user": 29,
    "forename": "Eric",
    "surname": "Performer",
    "middle_name": "The",
    "pronouns": "he / him",
    "photo": "",
    "medical_info": "",
    "person_type": "COMPY",
    "allergies": []
  }
},
{
  "model": "people.person",
  "pk": 10,
  "fields": {
    "site_user": 30,
    "forename": "Test",
    "surname": "Person",
    "middle_name": "",
    "pronouns": "",
    "photo": "",
    "medical_info": "",
    "person_type": "COMPY",
    "allergies": []
  }
},
{
  "model": "people.person",
  "pk": 11,
  "fields": {
    "site_user": 31,
    "forename": "Quentin",
    "surname": "Tarantino",
    "middle_name": "",
    "pronouns": "",
    "photo": "",
    "medical_info": "",
    "person_type": "STAFF",
    "allergies": []
  }
},
{
  "model": "people.personshow",
  "pk": 1,
  "fields": {
    "person": 2,
    "show": 1,
    "role": "STG",
    "role_other": ""
  }
},
{
  "model": "people.personshow",
  "pk": 2,
  "fields": {
    "person": 2,
    "show": 2,
    "role": "ACT",
    "role_other": ""
  }
},
{
  "model": "people.contactdetail",
  "pk": 1,
  "fields": {
    "person": 1,
    "contact_reference": "Default contact details",
    "email_primary": "will@shakes.org",
    "email_secondary": "",
    "mobile_number": "",
    "phone_number": "",
    "post_point": "",
    "building_name": "",
    "building_number": "",
    "street_name": "",
    "city": "",
    "region": "",
    "country": "",
    "post_code": ""
  }
},
{
  "model": "programming.week",
  "pk": 1,
  "fields": {
    "title": "W0",
    "date": "2023-07-30",
    "event": 1,
    "offers_preview": false,
    "has_performances": false
  }
},
{
  "model": "programming.week",
  "pk": 2,
  "fields": {
    "title": "W1",
    "date": "2023-08-04",
    "event": 1,
    "offers_preview": true,
    "has_performances": true
  }
},
{
  "model": "programming.week",
  "pk": 3,
  "fields": {
    "title": "W0",
    "date": "2022-08-01",
    "event": 2,
    "offers_preview": false,
    "has_performances": false
  }
},
{
  "model": "programming.event",
  "pk": 1,
  "fields": {
    "title": "Edinburgh Fringe",
    "year": 2023,
    "accepting_show_submissions": true,
    "accepting_staff_applications": true
  }
},
{
  "model": "programming.event",
  "pk": 2,
  "fields": {
    "title": "Edinburgh Fringe",
    "year": 2022,
    "accepting_show_submissions": false,
    "accepting_staff_applications": false
  }
},
{
  "model": "programming.company",
  "pk": 1,
  "fields": {
    "company_name": "Shakespeare Productions",
    "company_email": "shakespeare@productions.com",
    "company_website": "",
    "lead_contact": 1,
    "company_members": [
      2
    ]
  }
},
{
  "model": "programming.company",
  "pk": 2,
  "fields": {
    "company_name": "Another Company",
    "company_email": "another@example.com",
    "company_website": "",
    "lead_contact": 6,
    "company_members": [
      6
    ]
  }
},
{
  "model": "programming.venue",
  "pk": 1,
  "fields": {
    "title": "A1",
    "full_name": "The Sanctuary",
    "parent_venue": "AUG"
  }
},
{
  "model": "programming.offer",
  "pk": 1,
  "fields": {
    "show": 5,
    "slot": 5,
    "status": "ACC"
  }
},
{
  "model": "programming.offer",
  "pk": 2,
  "fields": {
    "show": 3,
    "slot": 3,
    "status": "PEN"
  }
},
{
  "model": "programming.show",
  "pk": 1,
  "fields": {
    "show_title": "Macbeth",
    "company": 1,
    "lead_contact": 1,
    "status": "APP",
    "level": "PRO",
    "outline": "",
    "motivation": "",
    "funding": "",
    "copy_short": "",
    "copy_long": "",
    "set_outline": "",
    "tech_outline": "",
    "cast_size": 0,
    "crew_size": 0,
    "show_duration": "00:00:00",
    "get_in_dur": "00:00:00",
    "get_out_dur": "00:00:00",
    "event": 1,
    "notes_general": "",
    "via_link": "",
    "poster": ""
  }
},
{
  "model": "programming.show",
  "pk": 2,
  "fields": {
    "show_title": "Hamlet",
    "company": 1,
    "lead_contact": 1,
    "status": "APP",
    "level": "PRO",
    "outline": "",
    "motivation": "",
    "funding": "",
    "copy_short": "",
    "copy_long": "",
    "set_outline": "",
    "tech_outline": "",
    "cast_size": 0,
    "crew_size": 0,
    "show_duration": "00:00:00",
    "get_in_dur": "00:00:00",
    "get_out_dur": "00:00:00",
    "event": 1,
    "notes_general": "",
    "via_link": "",
    "poster": ""
  }
},
{
  "model": "programming.show",
  "pk": 3,
  "fields": {
    "show_title": "Mystery!",
    "company": 2,
    "lead_contact": 6,
    "status": "APP",
    "level": "PRO",
    "outline": "",
    "motivation": "",
    "funding": "",
    "copy_short": "",
    "copy_long": "",
    "set_outline": "",
    "tech_outline": "",
    "cast_size": 0,
    "crew_size": 0,
    "show_duration": "00:00:00",
    "get_in_dur": "00:00:00",
    "get_out_dur": "00:00:00",
    "event": 1,
    "notes_general": "",
    "via_link": "",
    "poster": ""
  }
},
{
  "model": "programming.show",
  "pk": 4,
  "fields": {
    "show_title": "A new show!",
    "company": 2,
    "lead_contact": 6,
    "status": "APP",
    "level": "PRO",
    "outline": "",
    "motivation": "",
    "funding": "",
    "copy_short": "",
    "copy_long": "",
    "set_outline": "",
    "tech_outline": "",
    "cast_size": 0,
    "crew_size": 0,
    "show_duration": "00:00:00",
    "get_in_dur": "00:00:00",
    "get_out_dur": "00:00:00",
    "event": 1,
    "notes_general": "",
    "via_link": "",
    "poster": ""
  }
},
{
  "model": "programming.show",
  "pk": 5,
  "fields": {
    "show_title": "My Favourite Play",
    "company": null,
    "lead_contact": 9,
    "status": "DRA",
    "level": "PRO",
    "outline": "",
    "motivation": "",
    "funding": "",
    "copy_short": "",
    "copy_long": "",
    "set_outline": "",
    "tech_outline": "",
    "cast_size": 0,
    "crew_size": 0,
    "show_duration": "00:00:00",
    "get_in_dur": "00:00:00",
    "get_out_dur": "00:00:00",
    "event": 1,
    "notes_general": "",
    "via_link": "",
    "poster": ""
  }
},
{
  "model": "programming.slot",
  "pk": 1,
  "fields": {
    "show": 1,
    "venue": 1,
    "show_start_time": "19:00:00",
    "show_end_time": "20:00:00",
    "slot_price": null,
    "slot_guarantee": null,
    "box_office": null,
    "slot_preference": 1,
    "has_preview": false,
    "slot_status": "REQ",
    "week": [
      2
    ]
  }
},
{
  "model": "programming.slot",
  "pk": 2,
  "fields": {
    "show": 2,
    "venue": 1,
    "show_start_time": "17:00:00",
    "show_end_time": "18:00:00",
    "slot_price": null,
    "slot_guarantee": null,
    "box_office": null,
    "slot_preference": 1,
    "has_preview": true,
    "slot_status": "REQ",
    "week": [
      2
    ]
  }
},
{
  "model": "programming.slot",
  "pk": 3,
  "fields": {
    "show": 3,
    "venue": 1,
    "show_start_time": "19:00:00",
    "show_end_time": "20:00:00",
    "slot_price": null,
    "slot_guarantee": null,
    "box_office": null,
    "slot_preference": 1,
    "has_preview": false,
    "slot_status": "REQ",
    "week": [
      2
    ]
  }
},
{
  "model": "programming.slot",
  "pk": 4,
  "fields": {
    "show": 3,
    "venue": 1,
    "show_start_time": "14:00:00",
    "show_end_time": "15:00:00",
    "slot_price": null,
    "slot_guarantee": null,
    "box_office": null,
    "slot_preference": 2,
    "has_preview": false,
    "slot_status": "REQ",
    "week": [
      2
    ]
  }
},
{
  "model": "programming.slot",
  "pk": 5,
  "fields": {
    "show": 5,
    "venue": 1,
    "show_start_time": "19:00:00",
    "show_end_time": "20:00:00",
    "slot_price": null,
    "slot_guarantee": null,
    "box_office": null,
    "slot_preference": 1,
    "has_preview": false,
    "slot_status": "REQ",
    "week": [
      2
    ]
  }
},
{
  "model": "programming.slot",
  "pk": 6,
  "fields": {
    "show": 5,
    "venue": 1,
    "show_start_time": "15:00:00",
    "show_end_time": "16:00:00",
    "slot_price": null,
    "slot_guarantee": null,
    "box_office": null,
    "slot_preference": 2,
    "has_preview": false,
    "slot_status": "REQ",
    "week": [
      2
    ]
  }
},
{
  "model": "staffing.staffrole",
  "pk": 1,
  "fields": {
    "role_name": "Front of House Staff",
    "department": "H",
    "is_management": false,
    "appears_in_application": true
  }
},
{
  "model": "staffing.staffrole",
  "pk": 2,
  "fields": {
    "role_name": "Duty Manager",
    "department": "D",
    "is_management": true,
    "appears_in_application": true
  }
},
{
  "model": "staffing.staffrole",
  "pk": 3,
  "fields": {
    "role_name": "Duty First Aider",
    "department": "D",
    "is_management": true,
    "appears_in_application": true
  }
},
{
  "model": "staffing.staffrole",
  "pk": 4,
  "fields": {
    "role_name": "Kitchen Assistant",
    "department": "K",
    "is_management": false,
    "appears_in_application": true
  }
},
{
  "model": "staffing.staffrole",
  "pk": 5,
  "fields": {
    "role_name": "Kitchen Manager",
    "department": "K",
    "is_management": true,
    "appears_in_application": true
  }
},
{
  "model": "staffing.staffrole",
  "pk": 6,
  "fields": {
    "role_name": "Technician",
    "department": "T",
    "is_management": false,
    "appears_in_application": true
  }
},
{
  "model": "staffing.staffrole",
  "pk": 7,
  "fields": {
    "role_name": "Technical Manager",
    "department": "T",
    "is_management": true,
    "appears_in_application": true
  }
},
{
  "model": "staffing.application",
  "pk": 3,
  "fields": {
    "person": 7,
    "person_bio": "Me x3!",
    "event_application": 1,
    "status": "INC",
    "roles_willing": [
      6
    ],
    "roles_desired": [
      7,
      6
    ],
    "roles_declined": [],
    "weeks_available": [
      2
    ]
  }
},
{
  "model": "staffing.offer",
  "pk": 1,
  "fields": {
    "application": 3,
    "status": "ACC",
    "weeks": [
      2
    ]
  }
},
{
  "model": "staffing.quicklink",
  "pk": 1,
  "fields": {
    "title": "Rota",
    "link": "",
    "ordering": 1
  }
},
{
  "model": "staffing.quicklink",
  "pk": 2,
  "fields": {
    "title": "Wiki",
    "link": "",
    "ordering": 2
  }
},
{
  "model": "staffing.quicklink",
  "pk": 3,
  "fields": {
    "title": "Expenses",
    "link": "",
    "ordering": 3
  }
},
{
  "model": "admin.logentry",
  "pk": 1,
  "fields": {
    "action_time": "2022-10-20T23:47:49.974Z",
    "user": 1,
    "content_type": 6,
    "object_id": "1",
    "object_repr": "Edinburgh Fringe 2023",
    "action_flag": 1,
    "change_message": "[{\"added\": {}}, {\"added\": {\"name\": \"week\", \"object\": \"W0 for Edinburgh Fringe 2023\"}}, {\"added\": {\"name\": \"week\", \"object\": \"W1 for Edinburgh Fringe 2023\"}}]"
  }
},
{
  "model": "admin.logentry",
  "pk": 2,
  "fields": {
    "action_time": "2022-10-20T23:48:16.760Z",
    "user": 1,
    "content_type": 2,
    "object_id": "1",
    "object_repr": "Will Shake",
    "action_flag": 1,
    "change_message": "[{\"added\": {}}]"
  }
},
{
  "model": "admin.logentry",
  "pk": 3,
  "fields": {
    "action_time": "2022-10-20T23:48:18.340Z",
    "user": 1,
    "content_type": 5,
    "object_id": "1",
    "object_repr": "Shakespeare Productions",
    "action_flag": 1,
    "change_message": "[{\"added\": {}}]"
  }
},
{
  "model": "admin.logentry",
  "pk": 4,
  "fields": {
    "action_time": "2022-10-20T23:48:38.740Z",
    "user": 1,
    "content_type": 10,
    "object_id": "1",
    "object_repr": "The Sanctuary (A1)",
    "action_flag": 1,
    "change_message": "[{\"added\": {}}]"
  }
},
{
  "model": "admin.logentry",
  "pk": 5,
  "fields": {
    "action_time": "2022-10-20T23:55:16.953Z",
    "user": 1,
    "content_type": 9,
    "object_id": "1",
    "object_repr": "Macbeth from Shakespeare Productions",
    "action_flag": 1,
    "change_message": "[{\"added\": {}}]"
  }
},
{
  "model": "admin.logentry",
  "pk": 6,
  "fields": {
    "action_time": "2022-10-20T23:55:31.359Z",
    "user": 1,
    "content_type": 9,
    "object_id": "1",
    "object_repr": "Macbeth from Shakespeare Productions",
    "action_flag": 2,
    "change_message": "[{\"added\": {\"name\": \"slot\", \"object\": \"Slot preference 1 for Macbeth (Shakespeare Productions, A1)\"}}]"
  }
},
{
  "model": "admin.logentry",
  "pk": 7,
  "fields": {
    "action_time": "2022-10-20T23:59:26.109Z",
    "user": 1,
    "content_type": 9,
    "object_id": "2",
    "object_repr": "Hamlet from Shakespeare Productions",
    "action_flag": 1,
    "change_message": "[{\"added\": {}}, {\"added\": {\"name\": \"slot\", \"object\": \"Slot preference 1 for Hamlet (Shakespeare Productions, A1)\"}}]"
  }
},
{
  "model": "admin.logentry",
  "pk": 8,
  "fields": {
    "action_time": "2022-10-21T00:02:44.594Z",
    "user": 1,
    "content_type": 6,
    "object_id": "2",
    "object_repr": "Edinburgh Fringe 2022",
    "action_flag": 1,
    "change_message": "[{\"added\": {}}, {\"added\": {\"name\": \"week\", \"object\": \"W0 for Edinburgh Fringe 2022\"}}]"
  }
},
{
  "model": "admin.logentry",
  "pk": 9,
  "fields": {
    "action_time": "2022-10-21T00:33:29.617Z",
    "user": 1,
    "content_type": 2,
    "object_id": "1",
    "object_repr": "Will Shake",
    "action_flag": 2,
    "change_message": "[{\"added\": {\"name\": \"contact detail\", \"object\": \"ContactDetail object (1)\"}}]"
  }
},
{
  "model": "admin.logentry",
  "pk": 10,
  "fields": {
    "action_time": "2022-10-21T00:35:35.953Z",
    "user": 1,
    "content_type": 18,
    "object_id": "2",
    "object_repr": "will",
    "action_flag": 1,
    "change_message": "[{\"added\": {}}]"
  }
},
{
  "model": "admin.logentry",
  "pk": 11,
  "fields": {
    "action_time": "2022-10-21T00:35:45.356Z",
    "user": 1,
    "content_type": 2,
    "object_id": "1",
    "object_repr": "Will Shake",
    "action_flag": 2,
    "change_message": "[{\"changed\": {\"fields\": [\"Site user\"]}}]"
  }
},
{
  "model": "admin.logentry",
  "pk": 12,
  "fields": {
    "action_time": "2022-10-21T00:58:46.038Z",
    "user": 1,
    "content_type": 18,
    "object_id": "2",
    "object_repr": "will",
    "action_flag": 2,
    "change_message": "[{\"changed\": {\"fields\": [\"Staff status\"]}}]"
  }
},
{
  "model": "admin.logentry",
  "pk": 13,
  "fields": {
    "action_time": "2022-10-21T19:01:54.958Z",
    "user": 1,
    "content_type": 5,
    "object_id": "1",
    "object_repr": "Shakespeare Productions",
    "action_flag": 2,
    "change_message": "[]"
  }
},
{
  "model": "admin.logentry",
  "pk": 14,
  "fields": {
    "action_time": "2022-10-21T19:02:01.954Z",
    "user": 1,
    "content_type": 5,
    "object_id": "1",
    "object_repr": "Shakespeare Productions",
    "action_flag": 2,
    "change_message": "[]"
  }
},
{
  "model": "admin.logentry",
  "pk": 15,
  "fields": {
    "action_time": "2022-10-21T19:03:41.931Z",
    "user": 1,
    "content_type": 5,
    "object_id": "1",
    "object_repr": "Shakespeare Productions",
    "action_flag": 2,
    "change_message": "[]"
  }
},
{
  "model": "admin.logentry",
  "pk": 16,
  "fields": {
    "action_time": "2022-10-21T19:04:02.000Z",
    "user": 1,
    "content_type": 2,
    "object_id": "2",
    "object_repr": "Christopher Marlowe",
    "action_flag": 1,
    "change_message": "[{\"added\": {}}]"
  }
},
{
  "model": "admin.logentry",
  "pk": 17,
  "fields": {
    "action_time": "2022-10-21T19:04:05.298Z",
    "user": 1,
    "content_type": 5,
    "object_id": "1",
    "object_repr": "Shakespeare Productions",
    "action_flag": 2,
    "change_message": "[{\"changed\": {\"fields\": [\"Lead contact\"]}}]"
  }
},
{
  "model": "admin.logentry",
  "pk": 18,
  "fields": {
    "action_time": "2022-10-21T19:04:10.291Z",
    "user": 1,
    "content_type": 5,
    "object_id": "1",
    "object_repr": "Shakespeare Productions",
    "action_flag": 2,
    "change_message": "[{\"changed\": {\"fields\": [\"Lead contact\"]}}]"
  }
},
{
  "model": "admin.logentry",
  "pk": 19,
  "fields": {
    "action_time": "2022-10-21T19:05:12.094Z",
    "user": 1,
    "content_type": 5,
    "object_id": "1",
    "object_repr": "Shakespeare Productions",
    "action_flag": 2,
    "change_message": "[{\"changed\": {\"fields\": [\"Lead contact\"]}}]"
  }
},
{
  "model": "admin.logentry",
  "pk": 20,
  "fields": {
    "action_time": "2022-10-21T19:05:15.555Z",
    "user": 1,
    "content_type": 5,
    "object_id": "1",
    "object_repr": "Shakespeare Productions",
    "action_flag": 2,
    "change_message": "[{\"changed\": {\"fields\": [\"Lead contact\"]}}]"
  }
},
{
  "model": "admin.logentry",
  "pk": 21,
  "fields": {
    "action_time": "2022-10-21T19:08:29.153Z",
    "user": 1,
    "content_type": 5,
    "object_id": "1",
    "object_repr": "Shakespeare Productions",
    "action_flag": 2,
    "change_message": "[{\"changed\": {\"fields\": [\"Company members\"]}}]"
  }
},
{
  "model": "admin.logentry",
  "pk": 22,
  "fields": {
    "action_time": "2022-10-21T19:09:53.294Z",
    "user": 1,
    "content_type": 5,
    "object_id": "1",
    "object_repr": "Shakespeare Productions",
    "action_flag": 2,
    "change_message": "[{\"changed\": {\"fields\": [\"Company members\"]}}]"
  }
},
{
  "model": "admin.logentry",
  "pk": 23,
  "fields": {
    "action_time": "2022-10-21T19:10:15.512Z",
    "user": 1,
    "content_type": 5,
    "object_id": "1",
    "object_repr": "Shakespeare Productions",
    "action_flag": 2,
    "change_message": "[]"
  }
},
{
  "model": "admin.logentry",
  "pk": 24,
  "fields": {
    "action_time": "2022-10-21T19:10:30.186Z",
    "user": 1,
    "content_type": 5,
    "object_id": "1",
    "object_repr": "Shakespeare Productions",
    "action_flag": 2,
    "change_message": "[]"
  }
},
{
  "model": "admin.logentry",
  "pk": 25,
  "fields": {
    "action_time": "2022-10-21T19:10:46.213Z",
    "user": 1,
    "content_type": 5,
    "object_id": "1",
    "object_repr": "Shakespeare Productions",
    "action_flag": 2,
    "change_message": "[]"
  }
},
{
  "model": "admin.logentry",
  "pk": 26,
  "fields": {
    "action_time": "2022-10-21T19:14:42.894Z",
    "user": 1,
    "content_type": 5,
    "object_id": "1",
    "object_repr": "Shakespeare Productions",
    "action_flag": 2,
    "change_message": "[]"
  }
},
{
  "model": "admin.logentry",
  "pk": 27,
  "fields": {
    "action_time": "2022-10-21T19:14:47.395Z",
    "user": 1,
    "content_type": 5,
    "object_id": "1",
    "object_repr": "Shakespeare Productions",
    "action_flag": 2,
    "change_message": "[{\"changed\": {\"fields\": [\"Lead contact\"]}}]"
  }
},
{
  "model": "admin.logentry",
  "pk": 28,
  "fields": {
    "action_time": "2022-10-21T19:14:50.837Z",
    "user": 1,
    "content_type": 5,
    "object_id": "1",
    "object_repr": "Shakespeare Productions",
    "action_flag": 2,
    "change_message": "[{\"changed\": {\"fields\": [\"Lead contact\"]}}]"
  }
},
{
  "model": "admin.logentry",
  "pk": 29,
  "fields": {
    "action_time": "2022-10-21T19:19:26.561Z",
    "user": 1,
    "content_type": 5,
    "object_id": "1",
    "object_repr": "Shakespeare Productions",
    "action_flag": 2,
    "change_message": "[]"
  }
},
{
  "model": "admin.logentry",
  "pk": 30,
  "fields": {
    "action_time": "2022-10-21T19:21:19.005Z",
    "user": 1,
    "content_type": 5,
    "object_id": "1",
    "object_repr": "Shakespeare Productions",
    "action_flag": 2,
    "change_message": "[]"
  }
},
{
  "model": "admin.logentry",
  "pk": 31,
  "fields": {
    "action_time": "2022-10-21T19:21:23.031Z",
    "user": 1,
    "content_type": 5,
    "object_id": "1",
    "object_repr": "Shakespeare Productions",
    "action_flag": 2,
    "change_message": "[]"
  }
},
{
  "model": "admin.logentry",
  "pk": 32,
  "fields": {
    "action_time": "2022-10-21T19:21:39.099Z",
    "user": 1,
    "content_type": 5,
    "object_id": "1",
    "object_repr": "Shakespeare Productions",
    "action_flag": 2,
    "change_message": "[]"
  }
},
{
  "model": "admin.logentry",
  "pk": 33,
  "fields": {
    "action_time": "2022-10-21T19:25:24.960Z",
    "user": 1,
    "content_type": 5,
    "object_id": "1",
    "object_repr": "Shakespeare Productions",
    "action_flag": 2,
    "change_message": "[]"
  }
},
{
  "model": "admin.logentry",
  "pk": 34,
  "fields": {
    "action_time": "2022-10-21T19:26:12.576Z",
    "user": 1,
    "content_type": 5,
    "object_id": "1",
    "object_repr": "Shakespeare Productions",
    "action_flag": 2,
    "change_message": "[{\"changed\": {\"fields\": [\"Company members\"]}}]"
  }
},
{
  "model": "admin.logentry",
  "pk": 35,
  "fields": {
    "action_time": "2022-10-21T19:26:25.604Z",
    "user": 1,
    "content_type": 5,
    "object_id": "1",
    "object_repr": "Shakespeare Productions",
    "action_flag": 2,
    "change_message": "[]"
  }
},
{
  "model": "admin.logentry",
  "pk": 36,
  "fields": {
    "action_time": "2022-10-24T13:59:22.806Z",
    "user": 1,
    "content_type": 2,
    "object_id": "3",
    "object_repr": "Sam Osborne",
    "action_flag": 1,
    "change_message": "[{\"added\": {}}]"
  }
},
{
  "model": "admin.logentry",
  "pk": 37,
  "fields": {
    "action_time": "2022-10-24T17:53:57.799Z",
    "user": 1,
    "content_type": 22,
    "object_id": "1",
    "object_repr": "Quick link for Rota",
    "action_flag": 1,
    "change_message": "[{\"added\": {}}]"
  }
},
{
  "model": "admin.logentry",
  "pk": 38,
  "fields": {
    "action_time": "2022-10-24T17:54:00.596Z",
    "user": 1,
    "content_type": 22,
    "object_id": "2",
    "object_repr": "Quick link for Wiki",
    "action_flag": 1,
    "change_message": "[{\"added\": {}}]"
  }
},
{
  "model": "admin.logentry",
  "pk": 39,
  "fields": {
    "action_time": "2022-10-24T17:54:16.620Z",
    "user": 1,
    "content_type": 22,
    "object_id": "3",
    "object_repr": "Quick link for Expenses",
    "action_flag": 1,
    "change_message": "[{\"added\": {}}]"
  }
},
{
  "model": "admin.logentry",
  "pk": 40,
  "fields": {
    "action_time": "2022-10-24T17:55:54.320Z",
    "user": 1,
    "content_type": 22,
    "object_id": "2",
    "object_repr": "Quick link for Wiki",
    "action_flag": 2,
    "change_message": "[{\"changed\": {\"fields\": [\"Ordering\"]}}]"
  }
},
{
  "model": "admin.logentry",
  "pk": 41,
  "fields": {
    "action_time": "2022-10-24T17:55:56.828Z",
    "user": 1,
    "content_type": 22,
    "object_id": "3",
    "object_repr": "Quick link for Expenses",
    "action_flag": 2,
    "change_message": "[{\"changed\": {\"fields\": [\"Ordering\"]}}]"
  }
},
{
  "model": "admin.logentry",
  "pk": 42,
  "fields": {
    "action_time": "2022-10-24T18:40:33.777Z",
    "user": 1,
    "content_type": 9,
    "object_id": "1",
    "object_repr": "Macbeth from Shakespeare Productions",
    "action_flag": 2,
    "change_message": "[{\"added\": {\"name\": \"person show\", \"object\": \"Christopher Marlowe is Stage Manager on Macbeth from Shakespeare Productions\"}}]"
  }
},
{
  "model": "admin.logentry",
  "pk": 43,
  "fields": {
    "action_time": "2022-10-24T18:44:32.573Z",
    "user": 1,
    "content_type": 2,
    "object_id": "2",
    "object_repr": "Christopher Marlowe",
    "action_flag": 2,
    "change_message": "[{\"added\": {\"name\": \"Person - Show Relationship\", \"object\": \"Christopher Marlowe is Performer on Hamlet from Shakespeare Productions\"}}]"
  }
},
{
  "model": "admin.logentry",
  "pk": 44,
  "fields": {
    "action_time": "2022-10-24T18:52:19.856Z",
    "user": 1,
    "content_type": 18,
    "object_id": "2",
    "object_repr": "will",
    "action_flag": 2,
    "change_message": "[{\"changed\": {\"fields\": [\"password\"]}}]"
  }
},
{
  "model": "admin.logentry",
  "pk": 45,
  "fields": {
    "action_time": "2022-10-27T20:15:21.051Z",
    "user": 1,
    "content_type": 18,
    "object_id": "6",
    "object_repr": "SNew",
    "action_flag": 3,
    "change_message": ""
  }
},
{
  "model": "admin.logentry",
  "pk": 46,
  "fields": {
    "action_time": "2022-10-27T20:15:21.055Z",
    "user": 1,
    "content_type": 18,
    "object_id": "4",
    "object_repr": "Someone",
    "action_flag": 3,
    "change_message": ""
  }
},
{
  "model": "admin.logentry",
  "pk": 47,
  "fields": {
    "action_time": "2022-10-27T20:15:21.058Z",
    "user": 1,
    "content_type": 18,
    "object_id": "3",
    "object_repr": "Test",
    "action_flag": 3,
    "change_message": ""
  }
},
{
  "model": "admin.logentry",
  "pk": 48,
  "fields": {
    "action_time": "2022-10-27T20:15:21.060Z",
    "user": 1,
    "content_type": 18,
    "object_id": "5",
    "object_repr": "Thingy",
    "action_flag": 3,
    "change_message": ""
  }
},
{
  "model": "admin.logentry",
  "pk": 49,
  "fields": {
    "action_time": "2022-10-27T20:16:26.504Z",
    "user": 1,
    "content_type": 18,
    "object_id": "8",
    "object_repr": "Talia1",
    "action_flag": 3,
    "change_message": ""
  }
},
{
  "model": "admin.logentry",
  "pk": 50,
  "fields": {
    "action_time": "2022-10-27T20:55:31.927Z",
    "user": 1,
    "content_type": 18,
    "object_id": "14",
    "object_repr": "bbob",
    "action_flag": 3,
    "change_message": ""
  }
},
{
  "model": "admin.logentry",
  "pk": 51,
  "fields": {
    "action_time": "2022-10-27T20:55:31.933Z",
    "user": 1,
    "content_type": 18,
    "object_id": "17",
    "object_repr": "bnrob",
    "action_flag": 3,
    "change_message": ""
  }
},
{
  "model": "admin.logentry",
  "pk": 52,
  "fields": {
    "action_time": "2022-10-27T20:55:31.937Z",
    "user": 1,
    "content_type": 18,
    "object_id": "18",
    "object_repr": "bnrob1",
    "action_flag": 3,
    "change_message": ""
  }
},
{
  "model": "admin.logentry",
  "pk": 53,
  "fields": {
    "action_time": "2022-10-27T20:55:31.941Z",
    "user": 1,
    "content_type": 18,
    "object_id": "19",
    "object_repr": "bnrob12",
    "action_flag": 3,
    "change_message": ""
  }
},
{
  "model": "admin.logentry",
  "pk": 54,
  "fields": {
    "action_time": "2022-10-27T20:55:31.944Z",
    "user": 1,
    "content_type": 18,
    "object_id": "21",
    "object_repr": "brobin",
    "action_flag": 3,
    "change_message": ""
  }
},
{
  "model": "admin.logentry",
  "pk": 55,
  "fields": {
    "action_time": "2022-10-27T20:55:31.946Z",
    "user": 1,
    "content_type": 18,
    "object_id": "22",
    "object_repr": "brobin1",
    "action_flag": 3,
    "change_message": ""
  }
},
{
  "model": "admin.logentry",
  "pk": 56,
  "fields": {
    "action_time": "2022-10-27T20:55:31.951Z",
    "user": 1,
    "content_type": 18,
    "object_id": "23",
    "object_repr": "brobin12",
    "action_flag": 3,
    "change_message": ""
  }
},
{
  "model": "admin.logentry",
  "pk": 57,
  "fields": {
    "action_time": "2022-10-27T20:55:31.954Z",
    "user": 1,
    "content_type": 18,
    "object_id": "13",
    "object_repr": "otwo",
    "action_flag": 3,
    "change_message": ""
  }
},
{
  "model": "admin.logentry",
  "pk": 58,
  "fields": {
    "action_time": "2022-10-27T20:55:31.957Z",
    "user": 1,
    "content_type": 18,
    "object_id": "10",
    "object_repr": "rellis",
    "action_flag": 3,
    "change_message": ""
  }
},
{
  "model": "admin.logentry",
  "pk": 59,
  "fields": {
    "action_time": "2022-10-27T20:55:31.960Z",
    "user": 1,
    "content_type": 18,
    "object_id": "12",
    "object_repr": "sbob",
    "action_flag": 3,
    "change_message": ""
  }
},
{
  "model": "admin.logentry",
  "pk": 60,
  "fields": {
    "action_time": "2022-10-27T20:55:31.962Z",
    "user": 1,
    "content_type": 18,
    "object_id": "20",
    "object_repr": "sssdgs",
    "action_flag": 3,
    "change_message": ""
  }
},
{
  "model": "admin.logentry",
  "pk": 61,
  "fields": {
    "action_time": "2022-10-27T20:55:31.966Z",
    "user": 1,
    "content_type": 18,
    "object_id": "11",
    "object_repr": "tbob",
    "action_flag": 3,
    "change_message": ""
  }
},
{
  "model": "admin.logentry",
  "pk": 62,
  "fields": {
    "action_time": "2022-10-27T20:55:31.969Z",
    "user": 1,
    "content_type": 18,
    "object_id": "15",
    "object_repr": "tbob1",
    "action_flag": 3,
    "change_message": ""
  }
},
{
  "model": "admin.logentry",
  "pk": 63,
  "fields": {
    "action_time": "2022-10-27T20:55:31.971Z",
    "user": 1,
    "content_type": 18,
    "object_id": "16",
    "object_repr": "tbob12",
    "action_flag": 3,
    "change_message": ""
  }
},
{
  "model": "admin.logentry",
  "pk": 64,
  "fields": {
    "action_time": "2022-10-27T20:55:31.974Z",
    "user": 1,
    "content_type": 18,
    "object_id": "7",
    "object_repr": "tsimmons",
    "action_flag": 3,
    "change_message": ""
  }
},
{
  "model": "admin.logentry",
  "pk": 65,
  "fields": {
    "action_time": "2022-10-27T20:55:31.977Z",
    "user": 1,
    "content_type": 18,
    "object_id": "9",
    "object_repr": "tsimmons1",
    "action_flag": 3,
    "change_message": ""
  }
},
{
  "model": "admin.logentry",
  "pk": 66,
  "fields": {
    "action_time": "2022-10-27T21:35:18.533Z",
    "user": 1,
    "content_type": 2,
    "object_id": "4",
    "object_repr": "Batman Robin",
    "action_flag": 3,
    "change_message": ""
  }
},
{
  "model": "admin.logentry",
  "pk": 67,
  "fields": {
    "action_time": "2022-10-28T00:16:46.596Z",
    "user": 1,
    "content_type": 5,
    "object_id": "2",
    "object_repr": "Another Company",
    "action_flag": 1,
    "change_message": "[{\"added\": {}}]"
  }
},
{
  "model": "admin.logentry",
  "pk": 68,
  "fields": {
    "action_time": "2022-10-28T12:59:40.473Z",
    "user": 1,
    "content_type": 6,
    "object_id": "1",
    "object_repr": "Edinburgh Fringe 2023",
    "action_flag": 2,
    "change_message": "[{\"changed\": {\"name\": \"week\", \"object\": \"W0 for Edinburgh Fringe 2023\", \"fields\": [\"Has performances\"]}}]"
  }
},
{
  "model": "admin.logentry",
  "pk": 69,
  "fields": {
    "action_time": "2022-10-28T17:02:06.866Z",
    "user": 1,
    "content_type": 2,
    "object_id": "7",
    "object_repr": "Staff Volunteer",
    "action_flag": 2,
    "change_message": "[{\"changed\": {\"fields\": [\"Person type\"]}}]"
  }
},
{
  "model": "admin.logentry",
  "pk": 70,
  "fields": {
    "action_time": "2022-10-28T17:15:45.306Z",
    "user": 1,
    "content_type": 6,
    "object_id": "2",
    "object_repr": "Edinburgh Fringe 2022",
    "action_flag": 2,
    "change_message": "[{\"changed\": {\"fields\": [\"Title\", \"Year\"]}}]"
  }
},
{
  "model": "admin.logentry",
  "pk": 71,
  "fields": {
    "action_time": "2022-10-28T17:15:50.814Z",
    "user": 1,
    "content_type": 6,
    "object_id": "1",
    "object_repr": "Edinburgh Fringe 2023",
    "action_flag": 2,
    "change_message": "[{\"changed\": {\"fields\": [\"Title\", \"Year\"]}}]"
  }
},
{
  "model": "admin.logentry",
  "pk": 72,
  "fields": {
    "action_time": "2022-10-28T17:36:31.435Z",
    "user": 1,
    "content_type": 2,
    "object_id": "6",
    "object_repr": "Ursula Person",
    "action_flag": 2,
    "change_message": "[{\"changed\": {\"fields\": [\"Forename\"]}}]"
  }
},
{
  "model": "admin.logentry",
  "pk": 73,
  "fields": {
    "action_time": "2022-10-28T17:53:43.259Z",
    "user": 1,
    "content_type": 17,
    "object_id": "1",
    "object_repr": "volunteer",
    "action_flag": 1,
    "change_message": "[{\"added\": {}}]"
  }
},
{
  "model": "admin.logentry",
  "pk": 74,
  "fields": {
    "action_time": "2022-10-28T17:53:47.660Z",
    "user": 1,
    "content_type": 17,
    "object_id": "2",
    "object_repr": "company",
    "action_flag": 1,
    "change_message": "[{\"added\": {}}]"
  }
},
{
  "model": "admin.logentry",
  "pk": 75,
  "fields": {
    "action_time": "2022-10-28T17:53:50.824Z",
    "user": 1,
    "content_type": 17,
    "object_id": "3",
    "object_repr": "director",
    "action_flag": 1,
    "change_message": "[{\"added\": {}}]"
  }
},
{
  "model": "admin.logentry",
  "pk": 76,
  "fields": {
    "action_time": "2022-10-28T18:43:56.391Z",
    "user": 1,
    "content_type": 17,
    "object_id": "2",
    "object_repr": "company",
    "action_flag": 2,
    "change_message": "[{\"changed\": {\"fields\": [\"Permissions\"]}}]"
  }
},
{
  "model": "admin.logentry",
  "pk": 77,
  "fields": {
    "action_time": "2022-10-28T18:45:12.389Z",
    "user": 1,
    "content_type": 17,
    "object_id": "1",
    "object_repr": "volunteer",
    "action_flag": 2,
    "change_message": "[{\"changed\": {\"fields\": [\"Permissions\"]}}]"
  }
},
{
  "model": "admin.logentry",
  "pk": 78,
  "fields": {
    "action_time": "2022-10-28T18:45:53.423Z",
    "user": 1,
    "content_type": 17,
    "object_id": "3",
    "object_repr": "director",
    "action_flag": 2,
    "change_message": "[{\"changed\": {\"fields\": [\"Permissions\"]}}]"
  }
},
{
  "model": "admin.logentry",
  "pk": 79,
  "fields": {
    "action_time": "2022-10-28T18:46:07.344Z",
    "user": 1,
    "content_type": 17,
    "object_id": "1",
    "object_repr": "volunteer",
    "action_flag": 2,
    "change_message": "[{\"changed\": {\"fields\": [\"Permissions\"]}}]"
  }
},
{
  "model": "admin.logentry",
  "pk": 80,
  "fields": {
    "action_time": "2022-10-28T19:02:55.466Z",
    "user": 1,
    "content_type": 18,
    "object_id": "25",
    "object_repr": "uperson",
    "action_flag": 2,
    "change_message": "[{\"changed\": {\"fields\": [\"Groups\", \"Last login\"]}}]"
  }
},
{
  "model": "admin.logentry",
  "pk": 81,
  "fields": {
    "action_time": "2022-10-28T19:03:14.528Z",
    "user": 1,
    "content_type": 18,
    "object_id": "26",
    "object_repr": "svolunteer",
    "action_flag": 2,
    "change_message": "[{\"changed\": {\"fields\": [\"Groups\", \"Last login\"]}}]"
  }
},
{
  "model": "admin.logentry",
  "pk": 82,
  "fields": {
    "action_time": "2022-10-28T19:13:48.572Z",
    "user": 1,
    "content_type": 18,
    "object_id": "27",
    "object_repr": "volunteer",
    "action_flag": 1,
    "change_message": "[{\"added\": {}}]"
  }
},
{
  "model": "admin.logentry",
  "pk": 83,
  "fields": {
    "action_time": "2022-10-28T19:13:55.376Z",
    "user": 1,
    "content_type": 18,
    "object_id": "27",
    "object_repr": "volunteer",
    "action_flag": 2,
    "change_message": "[{\"changed\": {\"fields\": [\"Groups\"]}}]"
  }
},
{
  "model": "admin.logentry",
  "pk": 84,
  "fields": {
    "action_time": "2022-10-28T19:14:10.107Z",
    "user": 1,
    "content_type": 18,
    "object_id": "28",
    "object_repr": "director",
    "action_flag": 1,
    "change_message": "[{\"added\": {}}]"
  }
},
{
  "model": "admin.logentry",
  "pk": 85,
  "fields": {
    "action_time": "2022-10-28T19:14:16.761Z",
    "user": 1,
    "content_type": 18,
    "object_id": "28",
    "object_repr": "director",
    "action_flag": 2,
    "change_message": "[{\"changed\": {\"fields\": [\"Groups\"]}}]"
  }
},
{
  "model": "admin.logentry",
  "pk": 86,
  "fields": {
    "action_time": "2022-10-28T19:14:23.924Z",
    "user": 1,
    "content_type": 18,
    "object_id": "29",
    "object_repr": "company",
    "action_flag": 1,
    "change_message": "[{\"added\": {}}]"
  }
},
{
  "model": "admin.logentry",
  "pk": 87,
  "fields": {
    "action_time": "2022-10-28T19:14:31.135Z",
    "user": 1,
    "content_type": 18,
    "object_id": "29",
    "object_repr": "company",
    "action_flag": 2,
    "change_message": "[{\"changed\": {\"fields\": [\"Groups\"]}}]"
  }
},
{
  "model": "admin.logentry",
  "pk": 88,
  "fields": {
    "action_time": "2022-10-28T19:14:42.352Z",
    "user": 1,
    "content_type": 2,
    "object_id": "7",
    "object_repr": "Staff Volunteer",
    "action_flag": 2,
    "change_message": "[{\"changed\": {\"fields\": [\"Site user\"]}}]"
  }
},
{
  "model": "admin.logentry",
  "pk": 89,
  "fields": {
    "action_time": "2022-10-28T19:15:00.755Z",
    "user": 1,
    "content_type": 2,
    "object_id": "8",
    "object_repr": "Paradise Director",
    "action_flag": 1,
    "change_message": "[{\"added\": {}}]"
  }
},
{
  "model": "admin.logentry",
  "pk": 90,
  "fields": {
    "action_time": "2022-10-28T19:15:17.691Z",
    "user": 1,
    "content_type": 2,
    "object_id": "9",
    "object_repr": "Eric Performer",
    "action_flag": 1,
    "change_message": "[{\"added\": {}}]"
  }
},
{
  "model": "admin.logentry",
  "pk": 91,
  "fields": {
    "action_time": "2022-10-28T19:30:13.981Z",
    "user": 1,
    "content_type": 18,
    "object_id": "27",
    "object_repr": "volunteer",
    "action_flag": 2,
    "change_message": "[{\"changed\": {\"fields\": [\"password\"]}}]"
  }
},
{
  "model": "admin.logentry",
  "pk": 92,
  "fields": {
    "action_time": "2022-10-29T12:34:04.846Z",
    "user": 1,
    "content_type": 13,
    "object_id": "1",
    "object_repr": "Front of House Staff",
    "action_flag": 1,
    "change_message": "[{\"added\": {}}]"
  }
},
{
  "model": "admin.logentry",
  "pk": 93,
  "fields": {
    "action_time": "2022-10-29T12:34:13.732Z",
    "user": 1,
    "content_type": 13,
    "object_id": "2",
    "object_repr": "Duty Manager",
    "action_flag": 1,
    "change_message": "[{\"added\": {}}]"
  }
},
{
  "model": "admin.logentry",
  "pk": 94,
  "fields": {
    "action_time": "2022-10-29T12:34:18.633Z",
    "user": 1,
    "content_type": 13,
    "object_id": "3",
    "object_repr": "Duty First Aider",
    "action_flag": 1,
    "change_message": "[{\"added\": {}}]"
  }
},
{
  "model": "admin.logentry",
  "pk": 95,
  "fields": {
    "action_time": "2022-10-29T12:34:22.940Z",
    "user": 1,
    "content_type": 13,
    "object_id": "4",
    "object_repr": "Kitchen Assistant",
    "action_flag": 1,
    "change_message": "[{\"added\": {}}]"
  }
},
{
  "model": "admin.logentry",
  "pk": 96,
  "fields": {
    "action_time": "2022-10-29T12:34:28.703Z",
    "user": 1,
    "content_type": 13,
    "object_id": "5",
    "object_repr": "Kitchen Manager",
    "action_flag": 1,
    "change_message": "[{\"added\": {}}]"
  }
},
{
  "model": "admin.logentry",
  "pk": 97,
  "fields": {
    "action_time": "2022-10-29T12:34:32.784Z",
    "user": 1,
    "content_type": 13,
    "object_id": "6",
    "object_repr": "Technician",
    "action_flag": 1,
    "change_message": "[{\"added\": {}}]"
  }
},
{
  "model": "admin.logentry",
  "pk": 98,
  "fields": {
    "action_time": "2022-10-29T12:34:37.334Z",
    "user": 1,
    "content_type": 13,
    "object_id": "7",
    "object_repr": "Technical Manager",
    "action_flag": 1,
    "change_message": "[{\"added\": {}}]"
  }
},
{
  "model": "admin.logentry",
  "pk": 99,
  "fields": {
    "action_time": "2022-10-29T13:36:16.966Z",
    "user": 1,
    "content_type": 2,
    "object_id": "8",
    "object_repr": "Paradise Director",
    "action_flag": 2,
    "change_message": "[{\"changed\": {\"fields\": [\"Person type\"]}}]"
  }
},
{
  "model": "admin.logentry",
  "pk": 100,
  "fields": {
    "action_time": "2022-10-29T17:13:52.807Z",
    "user": 1,
    "content_type": 14,
    "object_id": "2",
    "object_repr": "Application for None",
    "action_flag": 3,
    "change_message": ""
  }
},
{
  "model": "admin.logentry",
  "pk": 101,
  "fields": {
    "action_time": "2022-10-29T17:13:52.811Z",
    "user": 1,
    "content_type": 14,
    "object_id": "1",
    "object_repr": "Application for None",
    "action_flag": 3,
    "change_message": ""
  }
},
{
  "model": "admin.logentry",
  "pk": 102,
  "fields": {
    "action_time": "2022-10-29T19:15:41.435Z",
    "user": 1,
    "content_type": 17,
    "object_id": "3",
    "object_repr": "director",
    "action_flag": 2,
    "change_message": "[{\"changed\": {\"fields\": [\"Permissions\"]}}]"
  }
},
{
  "model": "admin.logentry",
  "pk": 103,
  "fields": {
    "action_time": "2022-10-29T20:04:07.328Z",
    "user": 1,
    "content_type": 18,
    "object_id": "30",
    "object_repr": "tperson",
    "action_flag": 2,
    "change_message": "[{\"changed\": {\"fields\": [\"Groups\", \"Last login\"]}}]"
  }
},
{
  "model": "admin.logentry",
  "pk": 104,
  "fields": {
    "action_time": "2022-10-30T00:22:34.010Z",
    "user": 1,
    "content_type": 17,
    "object_id": "3",
    "object_repr": "director",
    "action_flag": 2,
    "change_message": "[{\"changed\": {\"fields\": [\"Permissions\"]}}]"
  }
},
{
  "model": "admin.logentry",
  "pk": 105,
  "fields": {
    "action_time": "2022-10-30T00:22:55.593Z",
    "user": 1,
    "content_type": 17,
    "object_id": "3",
    "object_repr": "director",
    "action_flag": 2,
    "change_message": "[{\"changed\": {\"fields\": [\"Permissions\"]}}]"
  }
},
{
  "model": "admin.logentry",
  "pk": 106,
  "fields": {
    "action_time": "2022-10-30T01:18:00.022Z",
    "user": 1,
    "content_type": 17,
    "object_id": "3",
    "object_repr": "director",
    "action_flag": 2,
    "change_message": "[{\"changed\": {\"fields\": [\"Permissions\"]}}]"
  }
},
{
  "model": "admin.logentry",
  "pk": 107,
  "fields": {
    "action_time": "2022-10-30T01:18:13.493Z",
    "user": 1,
    "content_type": 17,
    "object_id": "1",
    "object_repr": "volunteer",
    "action_flag": 2,
    "change_message": "[{\"changed\": {\"fields\": [\"Permissions\"]}}]"
  }
},
{
  "model": "admin.logentry",
  "pk": 108,
  "fields": {
    "action_time": "2022-10-30T01:49:30.469Z",
    "user": 1,
    "content_type": 2,
    "object_id": "5",
    "object_repr": "Batman Robin",
    "action_flag": 2,
    "change_message": "[{\"changed\": {\"fields\": [\"Person type\"]}}]"
  }
},
{
  "model": "admin.logentry",
  "pk": 109,
  "fields": {
    "action_time": "2022-10-30T01:49:40.186Z",
    "user": 1,
    "content_type": 18,
    "object_id": "24",
    "object_repr": "brobin",
    "action_flag": 2,
    "change_message": "[{\"changed\": {\"fields\": [\"password\"]}}]"
  }
},
{
  "model": "admin.logentry",
  "pk": 110,
  "fields": {
    "action_time": "2022-10-30T01:50:31.869Z",
    "user": 1,
    "content_type": 18,
    "object_id": "24",
    "object_repr": "brobin",
    "action_flag": 2,
    "change_message": "[{\"changed\": {\"fields\": [\"Groups\", \"Last login\"]}}]"
  }
},
{
  "model": "admin.logentry",
  "pk": 111,
  "fields": {
    "action_time": "2022-10-30T01:59:16.523Z",
    "user": 1,
    "content_type": 18,
    "object_id": "24",
    "object_repr": "brobin",
    "action_flag": 2,
    "change_message": "[{\"changed\": {\"fields\": [\"password\"]}}]"
  }
},
{
  "model": "auth.permission",
  "pk": 1,
  "fields": {
    "name": "Can add Allergy",
    "content_type": 1,
    "codename": "add_allergy"
  }
},
{
  "model": "auth.permission",
  "pk": 2,
  "fields": {
    "name": "Can change Allergy",
    "content_type": 1,
    "codename": "change_allergy"
  }
},
{
  "model": "auth.permission",
  "pk": 3,
  "fields": {
    "name": "Can delete Allergy",
    "content_type": 1,
    "codename": "delete_allergy"
  }
},
{
  "model": "auth.permission",
  "pk": 4,
  "fields": {
    "name": "Can view Allergy",
    "content_type": 1,
    "codename": "view_allergy"
  }
},
{
  "model": "auth.permission",
  "pk": 5,
  "fields": {
    "name": "Can add Person",
    "content_type": 2,
    "codename": "add_person"
  }
},
{
  "model": "auth.permission",
  "pk": 6,
  "fields": {
    "name": "Can change Person",
    "content_type": 2,
    "codename": "change_person"
  }
},
{
  "model": "auth.permission",
  "pk": 7,
  "fields": {
    "name": "Can delete Person",
    "content_type": 2,
    "codename": "delete_person"
  }
},
{
  "model": "auth.permission",
  "pk": 8,
  "fields": {
    "name": "Can view Person",
    "content_type": 2,
    "codename": "view_person"
  }
},
{
  "model": "auth.permission",
  "pk": 9,
  "fields": {
    "name": "Can add contact detail",
    "content_type": 3,
    "codename": "add_contactdetail"
  }
},
{
  "model": "auth.permission",
  "pk": 10,
  "fields": {
    "name": "Can change contact detail",
    "content_type": 3,
    "codename": "change_contactdetail"
  }
},
{
  "model": "auth.permission",
  "pk": 11,
  "fields": {
    "name": "Can delete contact detail",
    "content_type": 3,
    "codename": "delete_contactdetail"
  }
},
{
  "model": "auth.permission",
  "pk": 12,
  "fields": {
    "name": "Can view contact detail",
    "content_type": 3,
    "codename": "view_contactdetail"
  }
},
{
  "model": "auth.permission",
  "pk": 13,
  "fields": {
    "name": "Can add comment",
    "content_type": 4,
    "codename": "add_comment"
  }
},
{
  "model": "auth.permission",
  "pk": 14,
  "fields": {
    "name": "Can change comment",
    "content_type": 4,
    "codename": "change_comment"
  }
},
{
  "model": "auth.permission",
  "pk": 15,
  "fields": {
    "name": "Can delete comment",
    "content_type": 4,
    "codename": "delete_comment"
  }
},
{
  "model": "auth.permission",
  "pk": 16,
  "fields": {
    "name": "Can view comment",
    "content_type": 4,
    "codename": "view_comment"
  }
},
{
  "model": "auth.permission",
  "pk": 17,
  "fields": {
    "name": "Can add Performing Company",
    "content_type": 5,
    "codename": "add_company"
  }
},
{
  "model": "auth.permission",
  "pk": 18,
  "fields": {
    "name": "Can change Performing Company",
    "content_type": 5,
    "codename": "change_company"
  }
},
{
  "model": "auth.permission",
  "pk": 19,
  "fields": {
    "name": "Can delete Performing Company",
    "content_type": 5,
    "codename": "delete_company"
  }
},
{
  "model": "auth.permission",
  "pk": 20,
  "fields": {
    "name": "Can view Performing Company",
    "content_type": 5,
    "codename": "view_company"
  }
},
{
  "model": "auth.permission",
  "pk": 21,
  "fields": {
    "name": "Can add event",
    "content_type": 6,
    "codename": "add_event"
  }
},
{
  "model": "auth.permission",
  "pk": 22,
  "fields": {
    "name": "Can change event",
    "content_type": 6,
    "codename": "change_event"
  }
},
{
  "model": "auth.permission",
  "pk": 23,
  "fields": {
    "name": "Can delete event",
    "content_type": 6,
    "codename": "delete_event"
  }
},
{
  "model": "auth.permission",
  "pk": 24,
  "fields": {
    "name": "Can view event",
    "content_type": 6,
    "codename": "view_event"
  }
},
{
  "model": "auth.permission",
  "pk": 25,
  "fields": {
    "name": "Can add slot",
    "content_type": 7,
    "codename": "add_slot"
  }
},
{
  "model": "auth.permission",
  "pk": 26,
  "fields": {
    "name": "Can change slot",
    "content_type": 7,
    "codename": "change_slot"
  }
},
{
  "model": "auth.permission",
  "pk": 27,
  "fields": {
    "name": "Can delete slot",
    "content_type": 7,
    "codename": "delete_slot"
  }
},
{
  "model": "auth.permission",
  "pk": 28,
  "fields": {
    "name": "Can view slot",
    "content_type": 7,
    "codename": "view_slot"
  }
},
{
  "model": "auth.permission",
  "pk": 29,
  "fields": {
    "name": "Can add vote",
    "content_type": 8,
    "codename": "add_vote"
  }
},
{
  "model": "auth.permission",
  "pk": 30,
  "fields": {
    "name": "Can change vote",
    "content_type": 8,
    "codename": "change_vote"
  }
},
{
  "model": "auth.permission",
  "pk": 31,
  "fields": {
    "name": "Can delete vote",
    "content_type": 8,
    "codename": "delete_vote"
  }
},
{
  "model": "auth.permission",
  "pk": 32,
  "fields": {
    "name": "Can view vote",
    "content_type": 8,
    "codename": "view_vote"
  }
},
{
  "model": "auth.permission",
  "pk": 33,
  "fields": {
    "name": "Can add show",
    "content_type": 9,
    "codename": "add_show"
  }
},
{
  "model": "auth.permission",
  "pk": 34,
  "fields": {
    "name": "Can change show",
    "content_type": 9,
    "codename": "change_show"
  }
},
{
  "model": "auth.permission",
  "pk": 35,
  "fields": {
    "name": "Can delete show",
    "content_type": 9,
    "codename": "delete_show"
  }
},
{
  "model": "auth.permission",
  "pk": 36,
  "fields": {
    "name": "Can view show",
    "content_type": 9,
    "codename": "view_show"
  }
},
{
  "model": "auth.permission",
  "pk": 37,
  "fields": {
    "name": "Can add venue",
    "content_type": 10,
    "codename": "add_venue"
  }
},
{
  "model": "auth.permission",
  "pk": 38,
  "fields": {
    "name": "Can change venue",
    "content_type": 10,
    "codename": "change_venue"
  }
},
{
  "model": "auth.permission",
  "pk": 39,
  "fields": {
    "name": "Can delete venue",
    "content_type": 10,
    "codename": "delete_venue"
  }
},
{
  "model": "auth.permission",
  "pk": 40,
  "fields": {
    "name": "Can view venue",
    "content_type": 10,
    "codename": "view_venue"
  }
},
{
  "model": "auth.permission",
  "pk": 41,
  "fields": {
    "name": "Can add week",
    "content_type": 11,
    "codename": "add_week"
  }
},
{
  "model": "auth.permission",
  "pk": 42,
  "fields": {
    "name": "Can change week",
    "content_type": 11,
    "codename": "change_week"
  }
},
{
  "model": "auth.permission",
  "pk": 43,
  "fields": {
    "name": "Can delete week",
    "content_type": 11,
    "codename": "delete_week"
  }
},
{
  "model": "auth.permission",
  "pk": 44,
  "fields": {
    "name": "Can view week",
    "content_type": 11,
    "codename": "view_week"
  }
},
{
  "model": "auth.permission",
  "pk": 45,
  "fields": {
    "name": "Can add offer",
    "content_type": 12,
    "codename": "add_offer"
  }
},
{
  "model": "auth.permission",
  "pk": 46,
  "fields": {
    "name": "Can change offer",
    "content_type": 12,
    "codename": "change_offer"
  }
},
{
  "model": "auth.permission",
  "pk": 47,
  "fields": {
    "name": "Can delete offer",
    "content_type": 12,
    "codename": "delete_offer"
  }
},
{
  "model": "auth.permission",
  "pk": 48,
  "fields": {
    "name": "Can view offer",
    "content_type": 12,
    "codename": "view_offer"
  }
},
{
  "model": "auth.permission",
  "pk": 49,
  "fields": {
    "name": "Can add staff role",
    "content_type": 13,
    "codename": "add_staffrole"
  }
},
{
  "model": "auth.permission",
  "pk": 50,
  "fields": {
    "name": "Can change staff role",
    "content_type": 13,
    "codename": "change_staffrole"
  }
},
{
  "model": "auth.permission",
  "pk": 51,
  "fields": {
    "name": "Can delete staff role",
    "content_type": 13,
    "codename": "delete_staffrole"
  }
},
{
  "model": "auth.permission",
  "pk": 52,
  "fields": {
    "name": "Can view staff role",
    "content_type": 13,
    "codename": "view_staffrole"
  }
},
{
  "model": "auth.permission",
  "pk": 53,
  "fields": {
    "name": "Can add application",
    "content_type": 14,
    "codename": "add_application"
  }
},
{
  "model": "auth.permission",
  "pk": 54,
  "fields": {
    "name": "Can change application",
    "content_type": 14,
    "codename": "change_application"
  }
},
{
  "model": "auth.permission",
  "pk": 55,
  "fields": {
    "name": "Can delete application",
    "content_type": 14,
    "codename": "delete_application"
  }
},
{
  "model": "auth.permission",
  "pk": 56,
  "fields": {
    "name": "Can view application",
    "content_type": 14,
    "codename": "view_application"
  }
},
{
  "model": "auth.permission",
  "pk": 57,
  "fields": {
    "name": "Can add log entry",
    "content_type": 15,
    "codename": "add_logentry"
  }
},
{
  "model": "auth.permission",
  "pk": 58,
  "fields": {
    "name": "Can change log entry",
    "content_type": 15,
    "codename": "change_logentry"
  }
},
{
  "model": "auth.permission",
  "pk": 59,
  "fields": {
    "name": "Can delete log entry",
    "content_type": 15,
    "codename": "delete_logentry"
  }
},
{
  "model": "auth.permission",
  "pk": 60,
  "fields": {
    "name": "Can view log entry",
    "content_type": 15,
    "codename": "view_logentry"
  }
},
{
  "model": "auth.permission",
  "pk": 61,
  "fields": {
    "name": "Can add permission",
    "content_type": 16,
    "codename": "add_permission"
  }
},
{
  "model": "auth.permission",
  "pk": 62,
  "fields": {
    "name": "Can change permission",
    "content_type": 16,
    "codename": "change_permission"
  }
},
{
  "model": "auth.permission",
  "pk": 63,
  "fields": {
    "name": "Can delete permission",
    "content_type": 16,
    "codename": "delete_permission"
  }
},
{
  "model": "auth.permission",
  "pk": 64,
  "fields": {
    "name": "Can view permission",
    "content_type": 16,
    "codename": "view_permission"
  }
},
{
  "model": "auth.permission",
  "pk": 65,
  "fields": {
    "name": "Can add group",
    "content_type": 17,
    "codename": "add_group"
  }
},
{
  "model": "auth.permission",
  "pk": 66,
  "fields": {
    "name": "Can change group",
    "content_type": 17,
    "codename": "change_group"
  }
},
{
  "model": "auth.permission",
  "pk": 67,
  "fields": {
    "name": "Can delete group",
    "content_type": 17,
    "codename": "delete_group"
  }
},
{
  "model": "auth.permission",
  "pk": 68,
  "fields": {
    "name": "Can view group",
    "content_type": 17,
    "codename": "view_group"
  }
},
{
  "model": "auth.permission",
  "pk": 69,
  "fields": {
    "name": "Can add user",
    "content_type": 18,
    "codename": "add_user"
  }
},
{
  "model": "auth.permission",
  "pk": 70,
  "fields": {
    "name": "Can change user",
    "content_type": 18,
    "codename": "change_user"
  }
},
{
  "model": "auth.permission",
  "pk": 71,
  "fields": {
    "name": "Can delete user",
    "content_type": 18,
    "codename": "delete_user"
  }
},
{
  "model": "auth.permission",
  "pk": 72,
  "fields": {
    "name": "Can view user",
    "content_type": 18,
    "codename": "view_user"
  }
},
{
  "model": "auth.permission",
  "pk": 73,
  "fields": {
    "name": "Can add content type",
    "content_type": 19,
    "codename": "add_contenttype"
  }
},
{
  "model": "auth.permission",
  "pk": 74,
  "fields": {
    "name": "Can change content type",
    "content_type": 19,
    "codename": "change_contenttype"
  }
},
{
  "model": "auth.permission",
  "pk": 75,
  "fields": {
    "name": "Can delete content type",
    "content_type": 19,
    "codename": "delete_contenttype"
  }
},
{
  "model": "auth.permission",
  "pk": 76,
  "fields": {
    "name": "Can view content type",
    "content_type": 19,
    "codename": "view_contenttype"
  }
},
{
  "model": "auth.permission",
  "pk": 77,
  "fields": {
    "name": "Can add session",
    "content_type": 20,
    "codename": "add_session"
  }
},
{
  "model": "auth.permission",
  "pk": 78,
  "fields": {
    "name": "Can change session",
    "content_type": 20,
    "codename": "change_session"
  }
},
{
  "model": "auth.permission",
  "pk": 79,
  "fields": {
    "name": "Can delete session",
    "content_type": 20,
    "codename": "delete_session"
  }
},
{
  "model": "auth.permission",
  "pk": 80,
  "fields": {
    "name": "Can view session",
    "content_type": 20,
    "codename": "view_session"
  }
},
{
  "model": "auth.permission",
  "pk": 81,
  "fields": {
    "name": "Can add invoice",
    "content_type": 21,
    "codename": "add_invoice"
  }
},
{
  "model": "auth.permission",
  "pk": 82,
  "fields": {
    "name": "Can change invoice",
    "content_type": 21,
    "codename": "change_invoice"
  }
},
{
  "model": "auth.permission",
  "pk": 83,
  "fields": {
    "name": "Can delete invoice",
    "content_type": 21,
    "codename": "delete_invoice"
  }
},
{
  "model": "auth.permission",
  "pk": 84,
  "fields": {
    "name": "Can view invoice",
    "content_type": 21,
    "codename": "view_invoice"
  }
},
{
  "model": "auth.permission",
  "pk": 85,
  "fields": {
    "name": "Can add Quick Link",
    "content_type": 22,
    "codename": "add_quicklink"
  }
},
{
  "model": "auth.permission",
  "pk": 86,
  "fields": {
    "name": "Can change Quick Link",
    "content_type": 22,
    "codename": "change_quicklink"
  }
},
{
  "model": "auth.permission",
  "pk": 87,
  "fields": {
    "name": "Can delete Quick Link",
    "content_type": 22,
    "codename": "delete_quicklink"
  }
},
{
  "model": "auth.permission",
  "pk": 88,
  "fields": {
    "name": "Can view Quick Link",
    "content_type": 22,
    "codename": "view_quicklink"
  }
},
{
  "model": "auth.permission",
  "pk": 89,
  "fields": {
    "name": "Can add person show",
    "content_type": 23,
    "codename": "add_personshow"
  }
},
{
  "model": "auth.permission",
  "pk": 90,
  "fields": {
    "name": "Can change person show",
    "content_type": 23,
    "codename": "change_personshow"
  }
},
{
  "model": "auth.permission",
  "pk": 91,
  "fields": {
    "name": "Can delete person show",
    "content_type": 23,
    "codename": "delete_personshow"
  }
},
{
  "model": "auth.permission",
  "pk": 92,
  "fields": {
    "name": "Can view person show",
    "content_type": 23,
    "codename": "view_personshow"
  }
},
{
  "model": "auth.permission",
  "pk": 93,
  "fields": {
    "name": "Can add week preference",
    "content_type": 24,
    "codename": "add_weekpreference"
  }
},
{
  "model": "auth.permission",
  "pk": 94,
  "fields": {
    "name": "Can change week preference",
    "content_type": 24,
    "codename": "change_weekpreference"
  }
},
{
  "model": "auth.permission",
  "pk": 95,
  "fields": {
    "name": "Can delete week preference",
    "content_type": 24,
    "codename": "delete_weekpreference"
  }
},
{
  "model": "auth.permission",
  "pk": 96,
  "fields": {
    "name": "Can view week preference",
    "content_type": 24,
    "codename": "view_weekpreference"
  }
},
{
  "model": "auth.permission",
  "pk": 97,
  "fields": {
    "name": "Can accept applications",
    "content_type": 14,
    "codename": "dir_can_accept_application"
  }
},
{
  "model": "auth.permission",
  "pk": 98,
  "fields": {
    "name": "Can be administrator of a show",
    "content_type": 9,
    "codename": "dir_can_administrate_shows"
  }
},
{
  "model": "auth.permission",
  "pk": 99,
  "fields": {
    "name": "Can make offer",
    "content_type": 12,
    "codename": "dir_can_make_offer"
  }
},
{
  "model": "auth.permission",
  "pk": 100,
  "fields": {
    "name": "Can accept applications",
    "content_type": 14,
    "codename": "dir_can_offer_application"
  }
},
{
  "model": "auth.permission",
  "pk": 101,
  "fields": {
    "name": "Can add Volunteer Offer",
    "content_type": 25,
    "codename": "add_offer"
  }
},
{
  "model": "auth.permission",
  "pk": 102,
  "fields": {
    "name": "Can change Volunteer Offer",
    "content_type": 25,
    "codename": "change_offer"
  }
},
{
  "model": "auth.permission",
  "pk": 103,
  "fields": {
    "name": "Can delete Volunteer Offer",
    "content_type": 25,
    "codename": "delete_offer"
  }
},
{
  "model": "auth.permission",
  "pk": 104,
  "fields": {
    "name": "Can view Volunteer Offer",
    "content_type": 25,
    "codename": "view_offer"
  }
},
{
  "model": "auth.group",
  "pk": 1,
  "fields": {
    "name": "volunteer",
    "permissions": [
      4,
      9,
      10,
      11,
      12,
      5,
      6,
      8,
      13,
      14,
      15,
      16,
      20,
      24,
      84,
      48,
      36,
      28,
      40,
      29,
      30,
      31,
      32,
      44,
      53,
      54,
      55,
      56,
      102,
      104,
      52
    ]
  }
},
{
  "model": "auth.group",
  "pk": 2,
  "fields": {
    "name": "company",
    "permissions": [
      5,
      6,
      8,
      17,
      18,
      20,
      24,
      82,
      84,
      46,
      33,
      34,
      35,
      36,
      25,
      26,
      27,
      28,
      40,
      44
    ]
  }
},
{
  "model": "auth.group",
  "pk": 3,
  "fields": {
    "name": "director",
    "permissions": [
      1,
      2,
      4,
      9,
      10,
      12,
      5,
      6,
      7,
      8,
      13,
      14,
      15,
      16,
      17,
      18,
      19,
      20,
      21,
      22,
      23,
      24,
      81,
      82,
      83,
      84,
      45,
      46,
      47,
      99,
      48,
      33,
      34,
      35,
      98,
      36,
      25,
      26,
      27,
      28,
      37,
      38,
      39,
      40,
      29,
      30,
      31,
      32,
      41,
      42,
      43,
      44,
      53,
      54,
      55,
      97,
      100,
      56,
      101,
      102,
      103,
      104,
      85,
      86,
      87,
      88,
      49,
      50,
      51,
      52
    ]
  }
},
{
  "model": "auth.user",
  "pk": 1,
  "fields": {
    "password": "pbkdf2_sha256$260000$5yR4u9YOFm21mgCtAuFVcm$3lDMBxvT6bKbbvMYTIsnOnA3rD93MyuL1sPS665OFcg=",
    "last_login": "2022-10-29T13:35:56.732Z",
    "is_superuser": true,
    "username": "sam",
    "first_name": "",
    "last_name": "",
    "email": "sam@samosborne.me",
    "is_staff": true,
    "is_active": true,
    "date_joined": "2022-10-20T23:46:48.958Z",
    "groups": [],
    "user_permissions": []
  }
},
{
  "model": "auth.user",
  "pk": 2,
  "fields": {
    "password": "pbkdf2_sha256$260000$6K4dka2VzuY8pxs2bYm69f$nHmZw8Esqsj0xgBedGh1rTOMCwSDOwbyJ3TIzSt2jZk=",
    "last_login": "2022-10-24T22:02:47.327Z",
    "is_superuser": false,
    "username": "will",
    "first_name": "",
    "last_name": "",
    "email": "",
    "is_staff": true,
    "is_active": true,
    "date_joined": "2022-10-21T00:35:35Z",
    "groups": [],
    "user_permissions": []
  }
},
{
  "model": "auth.user",
  "pk": 24,
  "fields": {
    "password": "pbkdf2_sha256$260000$fsmBtf2Hseiiy0uiJyKBWd$5TgjuO1TvsMrY8aPWqc0pU11ZmyO4hGmGoyCpzgZWC8=",
    "last_login": "2022-10-30T01:59:20.806Z",
    "is_superuser": false,
    "username": "brobin",
    "first_name": "Batman",
    "last_name": "Robin",
    "email": "batman@example.com",
    "is_staff": false,
    "is_active": true,
    "date_joined": "2022-10-27T20:55:00Z",
    "groups": [
      1
    ],
    "user_permissions": []
  }
},
{
  "model": "auth.user",
  "pk": 25,
  "fields": {
    "password": "pbkdf2_sha256$260000$4rk2iNtzwgGGiYBzLFgvBO$5UVNdemHzXnxuBe3coYE5dqqSZlTr5jk0sQzv1l/Lns=",
    "last_login": "2022-10-29T23:26:53.895Z",
    "is_superuser": false,
    "username": "uperson",
    "first_name": "Unknown",
    "last_name": "Person",
    "email": "un@example.com",
    "is_staff": false,
    "is_active": true,
    "date_joined": "2022-10-27T22:05:00Z",
    "groups": [
      2
    ],
    "user_permissions": []
  }
},
{
  "model": "auth.user",
  "pk": 26,
  "fields": {
    "password": "pbkdf2_sha256$260000$wkIwdtMOAqVSoXtODmIgZL$ul9o7TSueZLNWYi0CcbRIJiTy/ZBVs6wEnqxxp+LBLw=",
    "last_login": "2022-10-28T18:39:00Z",
    "is_superuser": false,
    "username": "svolunteer",
    "first_name": "Staff",
    "last_name": "Volunteer",
    "email": "volunteer@example.com",
    "is_staff": false,
    "is_active": true,
    "date_joined": "2022-10-28T17:01:00Z",
    "groups": [
      1
    ],
    "user_permissions": []
  }
},
{
  "model": "auth.user",
  "pk": 27,
  "fields": {
    "password": "pbkdf2_sha256$260000$WdZYs17FdZFJBa3EcqIE7B$CEwrjlZ7DiCI8yQsBADP5wZzOpicsnz0EuY3xsrUpmw=",
    "last_login": "2022-10-30T01:56:26.165Z",
    "is_superuser": false,
    "username": "volunteer",
    "first_name": "",
    "last_name": "",
    "email": "",
    "is_staff": false,
    "is_active": true,
    "date_joined": "2022-10-28T19:13:00Z",
    "groups": [
      1
    ],
    "user_permissions": []
  }
},
{
  "model": "auth.user",
  "pk": 28,
  "fields": {
    "password": "pbkdf2_sha256$260000$tG2OzBoR2DV5axXQj57q7Z$PVqVWm07Qk99XsXqf2XqRVMy8zv1gcDIowvWa6Ceagk=",
    "last_login": "2022-10-29T23:59:32.328Z",
    "is_superuser": false,
    "username": "director",
    "first_name": "",
    "last_name": "",
    "email": "",
    "is_staff": false,
    "is_active": true,
    "date_joined": "2022-10-28T19:14:00Z",
    "groups": [
      3
    ],
    "user_permissions": []
  }
},
{
  "model": "auth.user",
  "pk": 29,
  "fields": {
    "password": "pbkdf2_sha256$260000$pCzDF7yOjrVMWSLrPQhKPE$Cy4Tj8orjRhVKcdoMNjM5lY1GntnZQudZR+XHQKPZ/M=",
    "last_login": "2022-10-29T23:09:53.477Z",
    "is_superuser": false,
    "username": "company",
    "first_name": "",
    "last_name": "",
    "email": "",
    "is_staff": false,
    "is_active": true,
    "date_joined": "2022-10-28T19:14:00Z",
    "groups": [
      2
    ],
    "user_permissions": []
  }
},
{
  "model": "auth.user",
  "pk": 30,
  "fields": {
    "password": "pbkdf2_sha256$260000$5I2t5PUiC3fJutz4gRetII$l6awm2QymlT14Ax8BPFThxYX4QCCcLNuyvqUOj5fAps=",
    "last_login": "2022-10-29T19:27:00Z",
    "is_superuser": false,
    "username": "tperson",
    "first_name": "Test",
    "last_name": "Person",
    "email": "test@example.com",
    "is_staff": false,
    "is_active": true,
    "date_joined": "2022-10-29T19:27:00Z",
    "groups": [
      2
    ],
    "user_permissions": []
  }
},
{
  "model": "auth.user",
  "pk": 31,
  "fields": {
    "password": "pbkdf2_sha256$260000$qKs69rf9UwtP67tZYfHUkG$tEDEWiPfa2mPdRi/cys11Q01fAw39sQ5s2AOgaCR82k=",
    "last_login": "2022-10-30T02:07:09.732Z",
    "is_superuser": false,
    "username": "qtarantino",
    "first_name": "Quentin",
    "last_name": "Tarantino",
    "email": "quentin@tarantino.com",
    "is_staff": false,
    "is_active": true,
    "date_joined": "2022-10-30T02:07:09.341Z",
    "groups": [
      1
    ],
    "user_permissions": []
  }
},
{
  "model": "contenttypes.contenttype",
  "pk": 1,
  "fields": {
    "app_label": "people",
    "model": "allergy"
  }
},
{
  "model": "contenttypes.contenttype",
  "pk": 2,
  "fields": {
    "app_label": "people",
    "model": "person"
  }
},
{
  "model": "contenttypes.contenttype",
  "pk": 3,
  "fields": {
    "app_label": "people",
    "model": "contactdetail"
  }
},
{
  "model": "contenttypes.contenttype",
  "pk": 4,
  "fields": {
    "app_label": "programming",
    "model": "comment"
  }
},
{
  "model": "contenttypes.contenttype",
  "pk": 5,
  "fields": {
    "app_label": "programming",
    "model": "company"
  }
},
{
  "model": "contenttypes.contenttype",
  "pk": 6,
  "fields": {
    "app_label": "programming",
    "model": "event"
  }
},
{
  "model": "contenttypes.contenttype",
  "pk": 7,
  "fields": {
    "app_label": "programming",
    "model": "slot"
  }
},
{
  "model": "contenttypes.contenttype",
  "pk": 8,
  "fields": {
    "app_label": "programming",
    "model": "vote"
  }
},
{
  "model": "contenttypes.contenttype",
  "pk": 9,
  "fields": {
    "app_label": "programming",
    "model": "show"
  }
},
{
  "model": "contenttypes.contenttype",
  "pk": 10,
  "fields": {
    "app_label": "programming",
    "model": "venue"
  }
},
{
  "model": "contenttypes.contenttype",
  "pk": 11,
  "fields": {
    "app_label": "programming",
    "model": "week"
  }
},
{
  "model": "contenttypes.contenttype",
  "pk": 12,
  "fields": {
    "app_label": "programming",
    "model": "offer"
  }
},
{
  "model": "contenttypes.contenttype",
  "pk": 13,
  "fields": {
    "app_label": "staffing",
    "model": "staffrole"
  }
},
{
  "model": "contenttypes.contenttype",
  "pk": 14,
  "fields": {
    "app_label": "staffing",
    "model": "application"
  }
},
{
  "model": "contenttypes.contenttype",
  "pk": 15,
  "fields": {
    "app_label": "admin",
    "model": "logentry"
  }
},
{
  "model": "contenttypes.contenttype",
  "pk": 16,
  "fields": {
    "app_label": "auth",
    "model": "permission"
  }
},
{
  "model": "contenttypes.contenttype",
  "pk": 17,
  "fields": {
    "app_label": "auth",
    "model": "group"
  }
},
{
  "model": "contenttypes.contenttype",
  "pk": 18,
  "fields": {
    "app_label": "auth",
    "model": "user"
  }
},
{
  "model": "contenttypes.contenttype",
  "pk": 19,
  "fields": {
    "app_label": "contenttypes",
    "model": "contenttype"
  }
},
{
  "model": "contenttypes.contenttype",
  "pk": 20,
  "fields": {
    "app_label": "sessions",
    "model": "session"
  }
},
{
  "model": "contenttypes.contenttype",
  "pk": 21,
  "fields": {
    "app_label": "programming",
    "model": "invoice"
  }
},
{
  "model": "contenttypes.contenttype",
  "pk": 22,
  "fields": {
    "app_label": "staffing",
    "model": "quicklink"
  }
},
{
  "model": "contenttypes.contenttype",
  "pk": 23,
  "fields": {
    "app_label": "people",
    "model": "personshow"
  }
},
{
  "model": "contenttypes.contenttype",
  "pk": 24,
  "fields": {
    "app_label": "staffing",
    "model": "weekpreference"
  }
},
{
  "model": "contenttypes.contenttype",
  "pk": 25,
  "fields": {
    "app_label": "staffing",
    "model": "offer"
  }
},
{
  "model": "sessions.session",
  "pk": "02w2s30n034auo838p8h0pgha3kv6kca",
  "fields": {
    "session_data": ".eJxVjDsOwjAQBe_iGlmOv2tKes5gbbxrHECOFCcV4u4QKQW0b2beSyTc1pq2zkuaSJyFBnH6HUfMD247oTu22yzz3NZlGuWuyIN2eZ2Jn5fD_Tuo2Ou3dsUCe4W5-OAgZkMegrG6QAxWhVA0GrYDDhQUgYoMiGiiZlOcoljE-wP4NTfJ:1oovjg:YfwxyyJO8w65X9_owhAAtzAgWhUgOl3tCANKKbiD0_Q",
    "expire_date": "2022-11-12T23:59:32.331Z"
  }
},
{
  "model": "sessions.session",
  "pk": "0hha8vb7syg9kz2r6hr1jn9xqbjhwpeg",
  "fields": {
    "session_data": ".eJxVjEEOwiAQRe_C2hBABtCl-56BDMwgVUOT0q6Md7dNutDtf-_9t4i4LjWunec4krgKY8Xpd0yYn9x2Qg9s90nmqS3zmOSuyIN2OUzEr9vh_h1U7HWrwWevSQFjITIXD2BtUIWS1YCsizcKlXeWXTFZYwgGtNLpDIbdhor4fAEAfTeR:1ooxbc:J1H2WbLH-OCrv-GmeyKMdm7LJiFq5T2uPkErVAbXC4M",
    "expire_date": "2022-11-13T01:59:20.809Z"
  }
},
{
  "model": "sessions.session",
  "pk": "3w7eqlfqgslqhl695fey7mc262huj1wj",
  "fields": {
    "session_data": "e30:1oo9ga:tRU50yJKZOnjW86gBd726pLBcnFZ8PFGI3ZYhg8Kj8Q",
    "expire_date": "2022-11-10T20:41:08.930Z"
  }
},
{
  "model": "sessions.session",
  "pk": "dguu1uy8kc4eunnwtec0q0vnf7ktms06",
  "fields": {
    "session_data": ".eJxVjMsOwiAQRf-FtSGA5TEu3fsNZGAGqRqalHZl_HfbpAvd3nPOfYuI61Lj2nmOI4mL0OL0uyXMT247oAe2-yTz1JZ5THJX5EG7vE3Er-vh_h1U7HWrvQ6FHKisaQiZlQ2JgL1WhTUbCzCUtGHnjIOzconQejLeATIGm1F8vtm_N70:1ooxbY:DuHfw2IU1DsgllSXZD9o9ucYaGfIYwZzQQ0Edak6Now",
    "expire_date": "2022-11-13T01:59:16.532Z"
  }
},
{
  "model": "sessions.session",
  "pk": "f17f3z58uyx0u4e3wkj823cleb14ks9f",
  "fields": {
    "session_data": ".eJxVjEEOwiAQRe_C2pAypQO4dO8ZyNCZStVAUtqV8e7apAvd_vfef6lI25rj1mSJM6uzAnX63RKNDyk74DuVW9VjLesyJ70r-qBNXyvL83K4fweZWv7WpgN0kx8QvICjYHwfhkTAvWFiZ6BDwIBJZBJAI4GcRfKM3ro0WqfeH7ptNyY:1olgqR:UNyJ0dj8cOXfPPqjuKj2D4KL3mQUhpY8ii24FKqlqN0",
    "expire_date": "2022-11-04T01:29:07.647Z"
  }
},
{
  "model": "sessions.session",
  "pk": "i2rwb9cncgnf8pi5huarfj28tdd8i7oa",
  "fields": {
    "session_data": ".eJxVjMsOwiAQRf-FtSGA5TEu3fsNZGAGqRqalHZl_HfbpAvd3nPOfYuI61Lj2nmOI4mL0OL0uyXMT247oAe2-yTz1JZ5THJX5EG7vE3Er-vh_h1U7HWrvQ6FHKisaQiZlQ2JgL1WhTUbCzCUtGHnjIOzconQejLeATIGm1F8vtm_N70:1on5Ne:0VLroEydqs3ftXcHfVd9ePtVEIxDdo70MYsSVllzytk",
    "expire_date": "2022-11-07T21:53:10.339Z"
  }
},
{
  "model": "sessions.session",
  "pk": "q57dujdcmgtsrd6yfnbq0c5ylbm6hm0n",
  "fields": {
    "session_data": ".eJxVjDsOwjAQBe_iGlmOv1lKes5g7dobHEC2FCcV4u4QKQW0b2beS0Tc1hK3zkucszgLLU6_G2F6cN1BvmO9NZlaXZeZ5K7Ig3Z5bZmfl8P9OyjYy7d2Ro8eaQKrGLL3mIybABm1UT6MQAPlwOCysjaADsqnkAYCsJqZEMX7A9wWN-M:1on2Yj:GOsCEtFUHatEyafSNwfte7nX-daEKVt9QGc2d-PCSgk",
    "expire_date": "2022-11-07T18:52:25.394Z"
  }
},
{
  "model": "sessions.session",
  "pk": "smm2mljwuxu6zrlqto24u0reu4sctanq",
  "fields": {
    "session_data": ".eJxVjMsOwiAQRf-FtSGA5TEu3fsNZGAGqRqalHZl_HfbpAvd3nPOfYuI61Lj2nmOI4mL0OL0uyXMT247oAe2-yTz1JZ5THJX5EG7vE3Er-vh_h1U7HWrvQ6FHKisaQiZlQ2JgL1WhTUbCzCUtGHnjIOzconQejLeATIGm1F8vtm_N70:1on5GA:SI9Xsc7mbquuLjhQgQ4EiFzt4PknX7B5ZXNhFuWU8iU",
    "expire_date": "2022-11-07T21:45:26.645Z"
  }
},
{
  "model": "sessions.session",
  "pk": "tn7erout6hig351hdy67jhs4l1z2rfjv",
  "fields": {
    "session_data": "e30:1oo9fj:HblOcI-xDfKuZ53BWt8rO-qiMI2HpVKrtTCi2NqWk2w",
    "expire_date": "2022-11-10T20:40:15.901Z"
  }
},
{
  "model": "sessions.session",
  "pk": "u2vm2uo45htkne2zkeiustaiv8mdxky7",
  "fields": {
    "session_data": "e30:1oo9gB:nIARof06Dz9iP1cjX3xBuy9OqZfrjfeNDgu_yK7mfwQ",
    "expire_date": "2022-11-10T20:40:43.910Z"
  }
},
{
  "model": "sessions.session",
  "pk": "v06m1vflpkxi7r2e7pn26m3n4mmnila9",
  "fields": {
    "session_data": ".eJxVjLsOAiEQAP-F2hBAYMHS3m8guwvIqeGSe1TGfzckV2g7M5m3SLhvLe1rWdKUxUUYEKdfSMjP0ofJD-z3WfLct2UiORJ52FXe5lxe16P9GzRc2_gGcpyJEQCMct4ZKKVixJjZKQsU41mFoirqQBq8Ja6MqkbvreYM4vMFF7o4cw:1ooxYo:rGBtcMEkQ7CNSWR3lu95HeiVrD43YI1wdf0fmalLN1k",
    "expire_date": "2022-11-13T01:56:26.169Z"
  }
}
]
