[
{
  "model": "people.person",
  "pk": 1,
  "fields": {
    "site_user": [
      "will"
    ],
    "forename": "Will",
    "surname": "Shake",
    "middle_name": "",
    "pronouns": "He / him",
    "photo": "",
    "medical_info": "",
    "person_type": "COMPY",
    "allergies": []
  }
},
{
  "model": "people.person",
  "pk": 2,
  "fields": {
    "site_user": null,
    "forename": "Christopher",
    "surname": "Marlowe",
    "middle_name": "",
    "pronouns": "",
    "photo": "",
    "medical_info": "",
    "person_type": "COMPY",
    "allergies": []
  }
},
{
  "model": "people.person",
  "pk": 3,
  "fields": {
    "site_user": [
      "sam"
    ],
    "forename": "Sam",
    "surname": "Osborne",
    "middle_name": "",
    "pronouns": "",
    "photo": "",
    "medical_info": "",
    "person_type": "STAFF",
    "allergies": []
  }
},
{
  "model": "people.person",
  "pk": 5,
  "fields": {
    "site_user": [
      "brobin"
    ],
    "forename": "Batman",
    "surname": "Robin",
    "middle_name": "",
    "pronouns": "",
    "photo": "",
    "medical_info": "",
    "person_type": "STAFF",
    "allergies": []
  }
},
{
  "model": "people.person",
  "pk": 6,
  "fields": {
    "site_user": [
      "uperson"
    ],
    "forename": "Ursula",
    "surname": "Person",
    "middle_name": "",
    "pronouns": "They / them",
    "photo": "",
    "medical_info": "",
    "person_type": "COMPY",
    "allergies": []
  }
},
{
  "model": "people.person",
  "pk": 7,
  "fields": {
    "site_user": [
      "volunteer"
    ],
    "forename": "Staff",
    "surname": "Volunteer",
    "middle_name": "",
    "pronouns": "they/them",
    "photo": "",
    "medical_info": "",
    "person_type": "STAFF",
    "allergies": []
  }
},
{
  "model": "people.person",
  "pk": 8,
  "fields": {
    "site_user": [
      "director"
    ],
    "forename": "Paradise",
    "surname": "Director",
    "middle_name": "",
    "pronouns": "she / her",
    "photo": "",
    "medical_info": "",
    "person_type": "STAFF",
    "allergies": []
  }
},
{
  "model": "people.person",
  "pk": 9,
  "fields": {
    "site_user": [
      "company"
    ],
    "forename": "Eric",
    "surname": "Performer",
    "middle_name": "The",
    "pronouns": "he / him",
    "photo": "",
    "medical_info": "",
    "person_type": "COMPY",
    "allergies": []
  }
},
{
  "model": "people.person",
  "pk": 10,
  "fields": {
    "site_user": [
      "tperson"
    ],
    "forename": "Test",
    "surname": "Person",
    "middle_name": "",
    "pronouns": "",
    "photo": "",
    "medical_info": "",
    "person_type": "COMPY",
    "allergies": []
  }
},
{
  "model": "people.person",
  "pk": 11,
  "fields": {
    "site_user": [
      "qtarantino"
    ],
    "forename": "Quentin",
    "surname": "Tarantino",
    "middle_name": "",
    "pronouns": "",
    "photo": "",
    "medical_info": "",
    "person_type": "STAFF",
    "allergies": []
  }
},
{
  "model": "people.personshow",
  "pk": 1,
  "fields": {
    "person": 2,
    "show": 1,
    "role": "STG",
    "role_other": ""
  }
},
{
  "model": "people.personshow",
  "pk": 2,
  "fields": {
    "person": 2,
    "show": 2,
    "role": "ACT",
    "role_other": ""
  }
},
{
  "model": "people.contactdetail",
  "pk": 1,
  "fields": {
    "person": 1,
    "contact_reference": "Default contact details",
    "email_primary": "will@shakes.org",
    "email_secondary": "",
    "mobile_number": "",
    "phone_number": "",
    "post_point": "",
    "building_name": "",
    "building_number": "",
    "street_name": "",
    "city": "",
    "region": "",
    "country": "",
    "post_code": ""
  }
},
{
  "model": "programming.week",
  "pk": 1,
  "fields": {
    "title": "W0",
    "date": "2023-07-30",
    "event": 1,
    "offers_preview": false,
    "has_performances": false
  }
},
{
  "model": "programming.week",
  "pk": 2,
  "fields": {
    "title": "W1",
    "date": "2023-08-04",
    "event": 1,
    "offers_preview": true,
    "has_performances": true
  }
},
{
  "model": "programming.week",
  "pk": 3,
  "fields": {
    "title": "W0",
    "date": "2022-08-01",
    "event": 2,
    "offers_preview": false,
    "has_performances": false
  }
},
{
  "model": "programming.event",
  "pk": 1,
  "fields": {
    "title": "Edinburgh Fringe",
    "year": 2023,
    "accepting_show_submissions": true,
    "accepting_staff_applications": true
  }
},
{
  "model": "programming.event",
  "pk": 2,
  "fields": {
    "title": "Edinburgh Fringe",
    "year": 2022,
    "accepting_show_submissions": false,
    "accepting_staff_applications": false
  }
},
{
  "model": "programming.company",
  "pk": 1,
  "fields": {
    "company_name": "Shakespeare Productions",
    "company_email": "shakespeare@productions.com",
    "company_website": "",
    "lead_contact": 1,
    "company_members": [
      2
    ]
  }
},
{
  "model": "programming.company",
  "pk": 2,
  "fields": {
    "company_name": "Another Company",
    "company_email": "another@example.com",
    "company_website": "",
    "lead_contact": 6,
    "company_members": [
      6
    ]
  }
},
{
  "model": "programming.venue",
  "pk": 1,
  "fields": {
    "title": "A1",
    "full_name": "The Sanctuary",
    "parent_venue": "AUG"
  }
},
{
  "model": "programming.offer",
  "pk": 1,
  "fields": {
    "show": 5,
    "slot": 5,
    "status": "ACC"
  }
},
{
  "model": "programming.offer",
  "pk": 2,
  "fields": {
    "show": 3,
    "slot": 3,
    "status": "PEN"
  }
},
{
  "model": "programming.show",
  "pk": 1,
  "fields": {
    "show_title": "Macbeth",
    "company": 1,
    "lead_contact": 1,
    "status": "APP",
    "level": "PRO",
    "outline": "",
    "motivation": "",
    "funding": "",
    "copy_short": "",
    "copy_long": "",
    "set_outline": "",
    "tech_outline": "",
    "cast_size": 0,
    "crew_size": 0,
    "show_duration": "00:00:00",
    "get_in_dur": "00:00:00",
    "get_out_dur": "00:00:00",
    "event": 1,
    "notes_general": "",
    "via_link": "",
    "poster": ""
  }
},
{
  "model": "programming.show",
  "pk": 2,
  "fields": {
    "show_title": "Hamlet",
    "company": 1,
    "lead_contact": 1,
    "status": "APP",
    "level": "PRO",
    "outline": "",
    "motivation": "",
    "funding": "",
    "copy_short": "",
    "copy_long": "",
    "set_outline": "",
    "tech_outline": "",
    "cast_size": 0,
    "crew_size": 0,
    "show_duration": "00:00:00",
    "get_in_dur": "00:00:00",
    "get_out_dur": "00:00:00",
    "event": 1,
    "notes_general": "",
    "via_link": "",
    "poster": ""
  }
},
{
  "model": "programming.show",
  "pk": 3,
  "fields": {
    "show_title": "Mystery!",
    "company": 2,
    "lead_contact": 6,
    "status": "APP",
    "level": "PRO",
    "outline": "",
    "motivation": "",
    "funding": "",
    "copy_short": "",
    "copy_long": "",
    "set_outline": "",
    "tech_outline": "",
    "cast_size": 0,
    "crew_size": 0,
    "show_duration": "00:00:00",
    "get_in_dur": "00:00:00",
    "get_out_dur": "00:00:00",
    "event": 1,
    "notes_general": "",
    "via_link": "",
    "poster": ""
  }
},
{
  "model": "programming.show",
  "pk": 4,
  "fields": {
    "show_title": "A new show!",
    "company": 2,
    "lead_contact": 6,
    "status": "APP",
    "level": "PRO",
    "outline": "",
    "motivation": "",
    "funding": "",
    "copy_short": "",
    "copy_long": "",
    "set_outline": "",
    "tech_outline": "",
    "cast_size": 0,
    "crew_size": 0,
    "show_duration": "00:00:00",
    "get_in_dur": "00:00:00",
    "get_out_dur": "00:00:00",
    "event": 1,
    "notes_general": "",
    "via_link": "",
    "poster": ""
  }
},
{
  "model": "programming.show",
  "pk": 5,
  "fields": {
    "show_title": "My Favourite Play",
    "company": null,
    "lead_contact": 9,
    "status": "DRA",
    "level": "PRO",
    "outline": "",
    "motivation": "",
    "funding": "",
    "copy_short": "",
    "copy_long": "",
    "set_outline": "",
    "tech_outline": "",
    "cast_size": 0,
    "crew_size": 0,
    "show_duration": "00:00:00",
    "get_in_dur": "00:00:00",
    "get_out_dur": "00:00:00",
    "event": 1,
    "notes_general": "",
    "via_link": "",
    "poster": ""
  }
},
{
  "model": "programming.slot",
  "pk": 1,
  "fields": {
    "show": 1,
    "venue": 1,
    "show_start_time": "19:00:00",
    "show_end_time": "20:00:00",
    "slot_price": null,
    "slot_guarantee": null,
    "box_office": null,
    "slot_preference": 1,
    "has_preview": false,
    "slot_status": "REQ",
    "week": [
      2
    ]
  }
},
{
  "model": "programming.slot",
  "pk": 2,
  "fields": {
    "show": 2,
    "venue": 1,
    "show_start_time": "17:00:00",
    "show_end_time": "18:00:00",
    "slot_price": null,
    "slot_guarantee": null,
    "box_office": null,
    "slot_preference": 1,
    "has_preview": true,
    "slot_status": "REQ",
    "week": [
      2
    ]
  }
},
{
  "model": "programming.slot",
  "pk": 3,
  "fields": {
    "show": 3,
    "venue": 1,
    "show_start_time": "19:00:00",
    "show_end_time": "20:00:00",
    "slot_price": null,
    "slot_guarantee": null,
    "box_office": null,
    "slot_preference": 1,
    "has_preview": false,
    "slot_status": "REQ",
    "week": [
      2
    ]
  }
},
{
  "model": "programming.slot",
  "pk": 4,
  "fields": {
    "show": 3,
    "venue": 1,
    "show_start_time": "14:00:00",
    "show_end_time": "15:00:00",
    "slot_price": null,
    "slot_guarantee": null,
    "box_office": null,
    "slot_preference": 2,
    "has_preview": false,
    "slot_status": "REQ",
    "week": [
      2
    ]
  }
},
{
  "model": "programming.slot",
  "pk": 5,
  "fields": {
    "show": 5,
    "venue": 1,
    "show_start_time": "19:00:00",
    "show_end_time": "20:00:00",
    "slot_price": null,
    "slot_guarantee": null,
    "box_office": null,
    "slot_preference": 1,
    "has_preview": false,
    "slot_status": "REQ",
    "week": [
      2
    ]
  }
},
{
  "model": "programming.slot",
  "pk": 6,
  "fields": {
    "show": 5,
    "venue": 1,
    "show_start_time": "15:00:00",
    "show_end_time": "16:00:00",
    "slot_price": null,
    "slot_guarantee": null,
    "box_office": null,
    "slot_preference": 2,
    "has_preview": false,
    "slot_status": "REQ",
    "week": [
      2
    ]
  }
},
{
  "model": "staffing.staffrole",
  "pk": 1,
  "fields": {
    "role_name": "Front of House Staff",
    "department": "H",
    "is_management": false,
    "appears_in_application": true
  }
},
{
  "model": "staffing.staffrole",
  "pk": 2,
  "fields": {
    "role_name": "Duty Manager",
    "department": "D",
    "is_management": true,
    "appears_in_application": true
  }
},
{
  "model": "staffing.staffrole",
  "pk": 3,
  "fields": {
    "role_name": "Duty First Aider",
    "department": "D",
    "is_management": true,
    "appears_in_application": true
  }
},
{
  "model": "staffing.staffrole",
  "pk": 4,
  "fields": {
    "role_name": "Kitchen Assistant",
    "department": "K",
    "is_management": false,
    "appears_in_application": true
  }
},
{
  "model": "staffing.staffrole",
  "pk": 5,
  "fields": {
    "role_name": "Kitchen Manager",
    "department": "K",
    "is_management": true,
    "appears_in_application": true
  }
},
{
  "model": "staffing.staffrole",
  "pk": 6,
  "fields": {
    "role_name": "Technician",
    "department": "T",
    "is_management": false,
    "appears_in_application": true
  }
},
{
  "model": "staffing.staffrole",
  "pk": 7,
  "fields": {
    "role_name": "Technical Manager",
    "department": "T",
    "is_management": true,
    "appears_in_application": true
  }
},
{
  "model": "staffing.application",
  "pk": 3,
  "fields": {
    "person": 7,
    "person_bio": "Me x3!",
    "event_application": 1,
    "status": "INC",
    "roles_willing": [
      6
    ],
    "roles_desired": [
      7,
      6
    ],
    "roles_declined": [],
    "weeks_available": [
      2
    ]
  }
},
{
  "model": "staffing.offer",
  "pk": 1,
  "fields": {
    "application": 3,
    "status": "ACC",
    "weeks": [
      2
    ]
  }
},
{
  "model": "staffing.quicklink",
  "pk": 1,
  "fields": {
    "title": "Rota",
    "link": "",
    "ordering": 1
  }
},
{
  "model": "staffing.quicklink",
  "pk": 2,
  "fields": {
    "title": "Wiki",
    "link": "",
    "ordering": 2
  }
},
{
  "model": "staffing.quicklink",
  "pk": 3,
  "fields": {
    "title": "Expenses",
    "link": "",
    "ordering": 3
  }
}
]
